1,45,100.00,9,0,0,1,9,1,9,9e-05,22.7
1,42,80.00,10,2,0,1,10,1,10,2e-04,21.6
1,17,77.78,9,2,0,1,9,1,9,2e-04,21.6
1,62,88.89,9,1,0,1,9,1,9,2e-04,21.6
1,43,80.00,10,2,0,1,10,1,10,3e-04,21.2
1,59,77.78,9,2,0,1,9,1,9,3e-04,21.2
1,28,77.78,9,2,0,1,9,1,9,3e-04,21.2
1,25,77.78,9,2,0,1,9,1,9,3e-04,21.2
1,49,77.78,9,2,0,1,9,1,9,4e-04,20.8
1,22,88.89,9,1,0,1,9,1,9,4e-04,20.8
1,26,77.78,9,2,0,1,9,1,9,4e-04,20.8
1,40,88.89,9,1,0,1,9,1,9,4e-04,20.8
1,11,77.78,9,2,0,1,9,1,9,5e-04,20.4
1,32,66.67,9,3,0,1,9,1,9,5e-04,20.4
1,8,66.67,9,3,0,1,9,1,9,6e-04,20.4
1,14,77.78,9,2,0,1,9,1,9,6e-04,20.4
1,51,77.78,9,2,0,1,9,1,9,6e-04,20.4
1,30,77.78,9,2,0,1,9,1,9,7e-04,20.0
1,19,77.78,9,2,0,1,9,1,9,7e-04,20.0
1,12,66.67,9,3,0,1,9,1,9,8e-04,20.0
1,52,66.67,9,3,0,1,9,1,9,8e-04,20.0
1,2,77.78,9,2,0,1,9,1,9,8e-04,19.6
1,55,77.78,9,2,0,1,9,1,9,8e-04,19.6
1,41,66.67,9,3,0,1,9,1,9,9e-04,19.6
1,38,77.78,9,2,0,1,9,1,9,0.001,19.6
1,46,77.78,9,2,0,1,9,1,9,0.001,19.6
1,61,77.78,9,2,0,1,9,1,9,0.001,19.2
1,16,77.78,9,2,0,1,9,1,9,0.001,19.2
1,20,66.67,9,3,0,1,9,1,9,0.002,18.9
1,18,66.67,9,3,0,1,9,1,9,0.002,18.5
1,57,85.71,7,1,0,1,7,1,7,0.002,18.1
1,24,66.67,9,3,0,1,9,1,9,0.002,18.5
1,23,55.56,9,4,0,1,9,1,9,0.002,18.5
1,10,66.67,9,3,0,1,9,1,9,0.002,18.5
1,9,66.67,9,3,0,1,9,1,9,0.002,18.5
1,35,66.67,9,3,0,1,9,1,9,0.002,18.5
1,60,66.67,9,3,0,1,9,1,9,0.002,18.1
1,5,77.78,9,2,0,1,9,1,9,0.003,18.1
1,50,55.56,9,4,0,1,9,1,9,0.004,17.7
1,34,66.67,9,3,0,1,9,1,9,0.004,17.3
1,48,55.56,9,4,0,1,9,1,9,0.004,17.3
1,36,55.56,9,4,0,1,9,1,9,0.004,17.3
1,44,66.67,9,3,0,1,9,1,9,0.004,17.3
1,13,55.56,9,4,0,1,9,1,9,0.005,17.3
1,53,55.56,9,4,0,1,9,1,9,0.007,16.9
1,63,71.43,7,2,0,1,7,1,7,0.007,16.9
1,3,66.67,9,3,0,1,9,1,9,0.008,16.5
1,21,66.67,9,3,0,1,9,1,9,0.010,16.2
1,56,55.56,9,4,0,1,9,1,9,0.011,15.8
1,33,83.33,6,1,0,1,6,1,6,0.013,15.8
1,39,55.56,9,4,0,1,9,1,9,0.013,15.8
1,4,83.33,6,1,0,1,6,1,6,0.015,15.4
1,27,44.44,9,5,0,1,9,1,9,0.020,15.4
1,37,55.56,9,4,0,1,9,1,9,0.032,15.0
1,15,37.50,8,5,0,1,8,1,8,0.036,15.0
1,6,42.86,7,4,0,1,7,1,7,0.061,14.6
1,58,66.67,6,2,0,1,6,1,6,0.073,14.2
1,47,42.86,7,4,0,1,7,1,7,0.077,14.2
2,42,100.00,10,0,0,1,10,1,10,7e-06,25.8
2,43,100.00,10,0,0,1,10,1,10,9e-06,25.8
2,61,100.00,9,0,0,1,9,1,9,4e-05,23.9
2,60,88.89,9,1,0,1,9,1,9,1e-04,22.3
2,19,88.89,9,1,0,1,9,1,9,2e-04,21.9
2,2,88.89,9,1,0,1,9,1,9,2e-04,21.6
2,13,77.78,9,2,0,1,9,1,9,2e-04,21.6
2,10,77.78,9,2,0,1,9,1,9,2e-04,21.6
2,49,88.89,9,1,0,1,9,1,9,2e-04,21.6
2,35,77.78,9,2,0,1,9,1,9,2e-04,21.6
2,59,88.89,9,1,0,1,9,1,9,3e-04,21.2
2,5,88.89,9,1,0,1,9,1,9,3e-04,21.2
2,16,88.89,9,1,0,1,9,1,9,3e-04,21.2
2,62,88.89,9,1,0,1,9,1,9,3e-04,21.2
2,20,77.78,9,2,0,1,9,1,9,4e-04,20.8
2,8,77.78,9,2,0,1,9,1,9,4e-04,20.8
2,18,77.78,9,2,0,1,9,1,9,4e-04,20.8
2,12,77.78,9,2,0,1,9,1,9,5e-04,20.8
2,40,77.78,9,2,0,1,9,1,9,5e-04,20.4
2,9,66.67,9,3,0,1,9,1,9,6e-04,20.4
2,38,66.67,9,3,0,1,9,1,9,6e-04,20.4
2,11,77.78,9,2,0,1,9,1,9,6e-04,20.0
2,3,77.78,9,2,0,1,9,1,9,8e-04,20.0
2,44,77.78,9,2,0,1,9,1,9,9e-04,19.6
2,26,77.78,9,2,0,1,9,1,9,0.001,19.6
2,14,77.78,9,2,0,1,9,1,9,0.001,19.6
2,55,77.78,9,2,0,1,9,1,9,0.001,19.6
2,17,77.78,9,2,0,1,9,1,9,0.001,19.6
2,28,77.78,9,2,0,1,9,1,9,0.001,19.2
2,45,77.78,9,2,0,1,9,1,9,0.001,19.2
2,46,77.78,9,2,0,1,9,1,9,0.001,19.2
2,21,77.78,9,2,0,1,9,1,9,0.001,19.2
2,33,87.50,8,1,0,1,8,1,8,0.001,18.9
2,41,66.67,9,3,0,1,9,1,9,0.001,18.9
2,22,77.78,9,2,0,1,9,1,9,0.002,18.9
2,23,55.56,9,4,0,1,9,1,9,0.002,18.9
2,36,55.56,9,4,0,1,9,1,9,0.002,18.9
2,39,66.67,9,3,0,1,9,1,9,0.002,18.9
2,32,66.67,9,3,0,1,9,1,9,0.002,18.5
2,34,66.67,9,3,0,1,9,1,9,0.002,18.5
2,24,66.67,9,3,0,1,9,1,9,0.002,18.5
2,25,66.67,9,3,0,1,9,1,9,0.002,18.5
2,27,55.56,9,4,0,1,9,1,9,0.003,18.1
2,7,66.67,9,3,0,1,9,1,9,0.003,18.1
2,50,55.56,9,4,0,1,9,1,9,0.003,18.1
2,52,66.67,9,3,0,1,9,1,9,0.003,18.1
2,30,66.67,9,3,0,1,9,1,9,0.003,18.1
2,51,66.67,9,3,0,1,9,1,9,0.003,17.7
2,1,75.00,8,2,0,1,8,1,8,0.003,17.7
2,56,55.56,9,4,0,1,9,1,9,0.004,17.7
2,57,55.56,9,4,0,1,9,1,9,0.004,17.3
2,37,66.67,9,3,0,1,9,1,9,0.004,17.7
2,4,75.00,8,2,0,1,8,1,8,0.004,17.3
2,53,55.56,9,4,0,1,9,1,9,0.005,17.3
2,63,71.43,7,2,0,1,7,1,7,0.005,17.3
2,29,62.50,8,3,0,2,9,11,18,0.051,14.6
2,15,42.86,7,4,0,1,7,1,7,0.056,14.6
2,6,42.86,7,4,0,1,7,1,7,0.060,14.6
2,58,44.44,9,5,0,1,9,1,9,0.068,14.2
2,47,42.86,7,4,0,1,7,1,7,0.074,14.2
2,31,28.57,7,5,0,1,7,1,7,1.1,12.3
3,3,100.00,9,0,0,1,9,1,9,1e-04,22.3
3,35,88.89,9,1,0,1,9,1,9,2e-04,21.6
3,9,77.78,9,2,0,1,9,1,9,4e-04,20.8
3,42,77.78,9,2,0,1,9,1,9,7e-04,19.6
3,44,77.78,9,2,0,1,9,1,9,7e-04,20.0
3,43,77.78,9,2,0,1,9,1,9,7e-04,20.0
3,61,77.78,9,2,0,1,9,1,9,7e-04,20.0
3,21,77.78,9,2,0,1,9,1,9,0.001,19.2
3,13,66.67,9,3,0,1,9,1,9,0.001,19.2
3,36,66.67,9,3,0,1,9,1,9,0.001,19.2
3,23,66.67,9,3,0,1,9,1,9,0.001,19.2
3,41,77.78,9,2,0,1,9,1,9,0.001,19.2
3,34,77.78,9,2,0,1,9,1,9,0.001,18.9
3,38,66.67,9,3,0,1,9,1,9,0.001,18.9
3,60,66.67,9,3,0,1,9,1,9,0.001,18.9
3,7,66.67,9,3,0,1,9,1,9,0.001,18.9
3,50,66.67,9,3,0,1,9,1,9,0.002,18.5
3,39,55.56,9,4,0,1,9,1,9,0.002,18.1
3,40,66.67,9,3,0,1,9,1,9,0.002,18.1
3,10,55.56,9,4,0,1,9,1,9,0.002,18.1
3,18,66.67,9,3,0,1,9,1,9,0.003,18.1
3,12,66.67,9,3,0,1,9,1,9,0.003,18.1
3,5,77.78,9,2,0,1,9,1,9,0.003,18.1
3,19,66.67,9,3,0,1,9,1,9,0.003,18.1
3,53,66.67,9,3,0,1,9,1,9,0.003,18.1
3,2,66.67,9,3,0,1,9,1,9,0.003,18.1
3,27,44.44,9,5,0,1,9,1,9,0.003,18.1
3,49,66.67,9,3,0,1,9,1,9,0.004,17.7
3,11,66.67,9,3,0,1,9,1,9,0.004,17.7
3,16,66.67,9,3,0,1,9,1,9,0.004,17.3
3,59,66.67,9,3,0,1,9,1,9,0.004,17.3
3,63,85.71,7,1,0,1,7,1,7,0.005,17.3
3,24,66.67,9,3,0,1,9,1,9,0.005,17.3
3,37,55.56,9,4,0,1,9,1,9,0.005,17.3
3,32,66.67,9,3,0,1,9,1,9,0.005,16.9
3,20,55.56,9,4,0,1,9,1,9,0.005,16.9
3,62,66.67,9,3,0,1,9,1,9,0.005,16.9
3,30,66.67,9,3,0,1,9,1,9,0.005,16.9
3,8,55.56,9,4,0,1,9,1,9,0.005,16.9
3,26,66.67,9,3,0,1,9,1,9,0.006,16.9
3,25,66.67,9,3,0,1,9,1,9,0.006,16.9
3,46,66.67,9,3,0,1,9,1,9,0.006,16.9
3,17,66.67,9,3,0,1,9,1,9,0.006,16.5
3,28,66.67,9,3,0,1,9,1,9,0.006,16.5
3,45,66.67,9,3,0,1,9,1,9,0.007,16.5
3,56,55.56,9,4,0,1,9,1,9,0.010,16.2
3,22,66.67,9,3,0,1,9,1,9,0.011,15.8
3,4,75.00,8,2,0,1,8,1,8,0.012,15.8
3,55,55.56,9,4,0,1,9,1,9,0.014,15.4
3,33,62.50,8,3,0,1,8,1,8,0.053,14.6
3,57,44.44,9,5,0,1,9,1,9,0.057,14.6
3,47,42.86,7,4,0,1,7,1,7,0.28,13.5
3,15,42.86,7,4,0,1,7,1,7,0.29,13.5
3,1,50.00,8,4,0,1,8,1,8,0.32,13.5
3,6,42.86,7,4,0,1,7,1,7,0.40,13.1
4,44,100.00,9,0,0,1,9,1,9,8e-05,22.7
4,7,88.89,9,1,0,1,9,1,9,2e-04,21.6
4,21,88.89,9,1,0,1,9,1,9,2e-04,21.6
4,18,77.78,9,2,0,1,9,1,9,6e-04,20.4
4,42,77.78,9,2,0,1,9,1,9,6e-04,20.0
4,38,66.67,9,3,0,1,9,1,9,7e-04,20.0
4,3,77.78,9,2,0,1,9,1,9,7e-04,20.0
4,35,77.78,9,2,0,1,9,1,9,8e-04,20.0
4,43,77.78,9,2,0,1,9,1,9,8e-04,19.6
4,61,77.78,9,2,0,1,9,1,9,8e-04,19.6
4,5,77.78,9,2,0,1,9,1,9,0.001,19.6
4,13,66.67,9,3,0,1,9,1,9,0.001,19.2
4,24,77.78,9,2,0,1,9,1,9,0.001,19.2
4,40,66.67,9,3,0,1,9,1,9,0.001,19.2
4,25,77.78,9,2,0,1,9,1,9,0.001,18.9
4,9,66.67,9,3,0,1,9,1,9,0.002,18.9
4,17,77.78,9,2,0,1,9,1,9,0.002,18.9
4,46,77.78,9,2,0,1,9,1,9,0.002,18.5
4,60,66.67,9,3,0,1,9,1,9,0.002,18.5
4,39,66.67,9,3,0,1,9,1,9,0.002,18.5
4,27,55.56,9,4,0,1,9,1,9,0.003,18.1
4,32,66.67,9,3,0,1,9,1,9,0.003,17.7
4,10,55.56,9,4,0,1,9,1,9,0.004,17.7
4,12,66.67,9,3,0,1,9,1,9,0.004,17.7
4,2,66.67,9,3,0,1,9,1,9,0.004,17.3
4,45,66.67,9,3,0,1,9,1,9,0.004,17.3
4,56,55.56,9,4,0,1,9,1,9,0.004,17.3
4,19,66.67,9,3,0,1,9,1,9,0.004,17.3
4,37,66.67,9,3,0,1,9,1,9,0.005,17.3
4,11,66.67,9,3,0,1,9,1,9,0.005,17.3
4,36,55.56,9,4,0,1,9,1,9,0.005,17.3
4,41,66.67,9,3,0,1,9,1,9,0.005,16.9
4,49,66.67,9,3,0,1,9,1,9,0.005,16.9
4,34,66.67,9,3,0,1,9,1,9,0.005,16.9
4,26,66.67,9,3,0,1,9,1,9,0.006,16.9
4,16,66.67,9,3,0,1,9,1,9,0.006,16.9
4,28,66.67,9,3,0,1,9,1,9,0.006,16.9
4,22,66.67,9,3,0,1,9,1,9,0.006,16.9
4,59,66.67,9,3,0,1,9,1,9,0.006,16.9
4,23,55.56,9,4,0,1,9,1,9,0.006,16.9
4,62,66.67,9,3,0,1,9,1,9,0.007,16.5
4,20,55.56,9,4,0,1,9,1,9,0.007,16.5
4,50,55.56,9,4,0,1,9,1,9,0.007,16.5
4,8,55.56,9,4,0,1,9,1,9,0.009,16.2
4,53,55.56,9,4,0,1,9,1,9,0.011,15.8
4,63,71.43,7,2,0,1,7,1,7,0.016,15.4
4,57,44.44,9,5,0,1,9,1,9,0.019,15.4
4,55,55.56,9,4,0,1,9,1,9,0.025,15.0
4,33,62.50,8,3,0,1,8,1,8,0.078,14.2
4,4,62.50,8,3,0,1,8,1,8,0.13,13.9
4,15,42.86,7,4,0,1,7,1,7,0.17,13.9
4,47,42.86,7,4,0,1,7,1,7,0.17,13.9
4,6,42.86,7,4,0,1,7,1,7,0.22,13.5
4,1,50.00,8,4,0,1,8,1,8,0.47,13.1
5,42,90.00,10,1,0,1,10,1,10,4e-05,23.5
5,43,90.00,10,1,0,1,10,1,10,5e-05,23.5
5,49,100.00,9,0,0,1,9,1,9,6e-05,23.5
5,62,88.89,9,1,0,1,9,1,9,1e-04,22.3
5,8,88.89,9,1,0,1,9,1,9,1e-04,22.3
5,12,88.89,9,1,0,1,9,1,9,1e-04,22.3
5,59,88.89,9,1,0,1,9,1,9,1e-04,22.3
5,19,88.89,9,1,0,1,9,1,9,2e-04,21.6
5,11,77.78,9,2,0,1,9,1,9,2e-04,21.6
5,2,88.89,9,1,0,1,9,1,9,2e-04,21.6
5,26,88.89,9,1,0,1,9,1,9,2e-04,21.6
5,61,88.89,9,1,0,1,9,1,9,2e-04,21.6
5,41,77.78,9,2,0,1,9,1,9,3e-04,21.2
5,14,77.78,9,2,0,1,9,1,9,3e-04,21.2
5,55,77.78,9,2,0,1,9,1,9,3e-04,21.2
5,16,88.89,9,1,0,1,9,1,9,4e-04,20.8
5,45,77.78,9,2,0,1,9,1,9,4e-04,20.8
5,17,77.78,9,2,0,1,9,1,9,5e-04,20.4
5,28,77.78,9,2,0,1,9,1,9,5e-04,20.4
5,20,77.78,9,2,0,1,9,1,9,5e-04,20.4
5,60,77.78,9,2,0,1,9,1,9,6e-04,20.0
5,22,77.78,9,2,0,1,9,1,9,7e-04,20.0
5,10,77.78,9,2,0,1,9,1,9,7e-04,20.0
5,30,66.67,9,3,0,1,9,1,9,8e-04,20.0
5,25,66.67,9,3,0,1,9,1,9,9e-04,19.6
5,32,66.67,9,3,0,1,9,1,9,0.001,19.6
5,40,77.78,9,2,0,1,9,1,9,0.001,19.2
5,35,66.67,9,3,0,1,9,1,9,0.001,19.2
5,51,66.67,9,3,0,1,9,1,9,0.001,19.2
5,13,66.67,9,3,0,1,9,1,9,0.001,19.2
5,52,66.67,9,3,0,1,9,1,9,0.001,19.2
5,23,55.56,9,4,0,1,9,1,9,0.001,19.2
5,9,66.67,9,3,0,1,9,1,9,0.001,19.2
5,46,77.78,9,2,0,1,9,1,9,0.002,18.9
5,38,66.67,9,3,0,1,9,1,9,0.002,18.5
5,5,77.78,9,2,0,1,9,1,9,0.002,18.5
5,34,66.67,9,3,0,1,9,1,9,0.002,18.1
5,50,55.56,9,4,0,1,9,1,9,0.002,18.1
5,18,66.67,9,3,0,1,9,1,9,0.003,18.1
5,36,55.56,9,4,0,1,9,1,9,0.003,18.1
5,24,66.67,9,3,0,1,9,1,9,0.003,18.1
5,3,66.67,9,3,0,1,9,1,9,0.004,17.7
5,57,71.43,7,2,0,1,7,1,7,0.004,17.3
5,33,100.00,6,0,0,1,6,1,6,0.004,17.3
5,39,66.67,9,3,0,1,9,1,9,0.004,17.3
5,63,71.43,7,2,0,1,7,1,7,0.005,17.3
5,53,55.56,9,4,0,1,9,1,9,0.005,17.3
5,27,55.56,9,4,0,1,9,1,9,0.006,16.9
5,44,66.67,9,3,0,1,9,1,9,0.006,16.9
5,37,66.67,9,3,0,1,9,1,9,0.007,16.5
5,21,66.67,9,3,0,1,9,1,9,0.009,16.2
5,4,83.33,6,1,0,1,6,1,6,0.009,16.2
5,1,83.33,6,1,0,1,6,1,6,0.009,16.2
5,7,55.56,9,4,0,1,9,1,9,0.017,15.4
5,15,37.50,8,5,0,1,8,1,8,0.039,14.6
5,6,42.86,7,4,0,1,7,1,7,0.075,14.2
5,47,42.86,7,4,0,1,7,1,7,0.094,14.2
5,58,66.67,6,2,0,1,6,1,6,0.11,14.2
5,29,80.00,5,1,0,2,6,11,15,0.21,13.9
5,31,28.57,7,5,0,1,7,1,7,0.88,12.7
6,28,100.00,9,0,0,1,9,1,9,8e-05,22.7
6,26,88.89,9,1,0,1,9,1,9,2e-04,21.9
6,52,88.89,9,1,0,1,9,1,9,2e-04,21.6
6,59,88.89,9,1,0,1,9,1,9,2e-04,21.6
6,17,88.89,9,1,0,1,9,1,9,3e-04,21.2
6,45,77.78,9,2,0,1,9,1,9,3e-04,21.2
6,51,77.78,9,2,0,1,9,1,9,3e-04,21.2
6,62,77.78,9,2,0,1,9,1,9,3e-04,20.8
6,49,77.78,9,2,0,1,9,1,9,5e-04,20.4
6,19,77.78,9,2,0,1,9,1,9,6e-04,20.0
6,2,77.78,9,2,0,1,9,1,9,6e-04,20.0
6,11,66.67,9,3,0,1,9,1,9,7e-04,20.0
6,42,77.78,9,2,0,1,9,1,9,7e-04,19.6
6,25,66.67,9,3,0,1,9,1,9,7e-04,20.0
6,32,77.78,9,2,0,1,9,1,9,7e-04,20.0
6,8,66.67,9,3,0,1,9,1,9,7e-04,20.0
6,55,66.67,9,3,0,1,9,1,9,8e-04,19.6
6,22,77.78,9,2,0,1,9,1,9,8e-04,19.6
6,14,66.67,9,3,0,1,9,1,9,9e-04,19.6
6,40,77.78,9,2,0,1,9,1,9,9e-04,19.6
6,12,66.67,9,3,0,1,9,1,9,0.001,19.6
6,30,66.67,9,3,0,1,9,1,9,0.001,19.6
6,43,77.78,9,2,0,1,9,1,9,0.001,19.2
6,41,66.67,9,3,0,1,9,1,9,0.001,19.6
6,61,77.78,9,2,0,1,9,1,9,0.001,19.6
6,16,77.78,9,2,0,1,9,1,9,0.001,19.2
6,46,77.78,9,2,0,1,9,1,9,0.001,18.9
6,38,66.67,9,3,0,1,9,1,9,0.002,18.9
6,20,66.67,9,3,0,1,9,1,9,0.002,18.5
6,23,55.56,9,4,0,1,9,1,9,0.002,18.5
6,35,66.67,9,3,0,1,9,1,9,0.002,18.5
6,9,66.67,9,3,0,1,9,1,9,0.002,18.5
6,60,66.67,9,3,0,1,9,1,9,0.002,18.1
6,10,66.67,9,3,0,1,9,1,9,0.002,18.1
6,24,66.67,9,3,0,1,9,1,9,0.003,18.1
6,18,66.67,9,3,0,1,9,1,9,0.003,18.1
6,5,77.78,9,2,0,1,9,1,9,0.003,18.1
6,34,66.67,9,3,0,1,9,1,9,0.003,17.7
6,50,55.56,9,4,0,1,9,1,9,0.004,17.7
6,57,71.43,7,2,0,1,7,1,7,0.004,17.3
6,13,55.56,9,4,0,1,9,1,9,0.005,17.3
6,36,55.56,9,4,0,1,9,1,9,0.005,16.9
6,44,66.67,9,3,0,1,9,1,9,0.006,16.9
6,53,55.56,9,4,0,1,9,1,9,0.006,16.9
6,3,66.67,9,3,0,1,9,1,9,0.006,16.5
6,15,50.00,8,4,0,1,8,1,8,0.007,16.5
6,63,71.43,7,2,0,1,7,1,7,0.008,16.5
6,6,57.14,7,3,0,1,7,1,7,0.008,16.2
6,47,57.14,7,3,0,1,7,1,7,0.008,16.2
6,39,55.56,9,4,0,1,9,1,9,0.009,16.2
6,21,66.67,9,3,0,1,9,1,9,0.012,15.8
6,27,44.44,9,5,0,1,9,1,9,0.013,15.8
6,37,55.56,9,4,0,1,9,1,9,0.013,15.8
6,33,83.33,6,1,0,1,6,1,6,0.016,15.4
6,4,83.33,6,1,0,1,6,1,6,0.017,15.4
6,56,44.44,9,5,0,1,9,1,9,0.021,15.4
6,58,66.67,6,2,0,1,6,1,6,0.20,13.5
7,9,100.00,9,0,0,1,9,1,9,5e-05,23.5
7,35,88.89,9,1,0,1,9,1,9,1e-04,22.3
7,42,70.00,10,3,0,1,10,1,10,1e-04,22.3
7,43,70.00,10,3,0,1,10,1,10,1e-04,22.3
7,38,88.89,9,1,0,1,9,1,9,2e-04,21.6
7,23,77.78,9,2,0,1,9,1,9,3e-04,21.6
7,36,77.78,9,2,0,1,9,1,9,3e-04,21.2
7,41,88.89,9,1,0,1,9,1,9,3e-04,21.2
7,34,88.89,9,1,0,1,9,1,9,3e-04,21.2
7,50,77.78,9,2,0,1,9,1,9,3e-04,20.8
7,3,77.78,9,2,0,1,9,1,9,5e-04,20.4
7,61,66.67,9,3,0,1,9,1,9,6e-04,20.4
7,12,77.78,9,2,0,1,9,1,9,7e-04,20.0
7,53,77.78,9,2,0,1,9,1,9,8e-04,20.0
7,40,66.67,9,3,0,1,9,1,9,8e-04,19.6
7,19,66.67,9,3,0,1,9,1,9,8e-04,19.6
7,11,77.78,9,2,0,1,9,1,9,8e-04,19.6
7,2,66.67,9,3,0,1,9,1,9,9e-04,19.6
7,10,66.67,9,3,0,1,9,1,9,0.001,19.6
7,13,66.67,9,3,0,1,9,1,9,0.001,19.6
7,24,77.78,9,2,0,1,9,1,9,0.001,19.6
7,63,100.00,7,0,0,1,7,1,7,0.001,19.6
7,16,66.67,9,3,0,1,9,1,9,0.001,19.2
7,32,77.78,9,2,0,1,9,1,9,0.001,19.2
7,59,66.67,9,3,0,1,9,1,9,0.001,19.2
7,25,77.78,9,2,0,1,9,1,9,0.001,19.2
7,49,66.67,9,3,0,1,9,1,9,0.001,19.2
7,62,66.67,9,3,0,1,9,1,9,0.002,18.9
7,20,55.56,9,4,0,1,9,1,9,0.002,18.9
7,5,66.67,9,3,0,1,9,1,9,0.002,18.9
7,44,66.67,9,3,0,1,9,1,9,0.002,18.9
7,60,55.56,9,4,0,1,9,1,9,0.002,18.9
7,46,66.67,9,3,0,1,9,1,9,0.002,18.5
7,17,66.67,9,3,0,1,9,1,9,0.002,18.5
7,30,66.67,9,3,0,1,9,1,9,0.002,18.5
7,28,66.67,9,3,0,1,9,1,9,0.002,18.5
7,26,66.67,9,3,0,1,9,1,9,0.002,18.5
7,8,55.56,9,4,0,1,9,1,9,0.002,18.5
7,45,66.67,9,3,0,1,9,1,9,0.002,18.5
7,39,55.56,9,4,0,1,9,1,9,0.002,18.1
7,21,66.67,9,3,0,1,9,1,9,0.002,18.1
7,18,55.56,9,4,0,1,9,1,9,0.003,18.1
7,27,44.44,9,5,0,1,9,1,9,0.003,17.7
7,22,66.67,9,3,0,1,9,1,9,0.003,17.7
7,55,55.56,9,4,0,1,9,1,9,0.004,17.3
7,14,55.56,9,4,0,1,9,1,9,0.005,17.3
7,37,55.56,9,4,0,1,9,1,9,0.006,16.9
7,7,55.56,9,4,0,1,9,1,9,0.006,16.9
7,4,62.50,8,3,0,1,8,1,8,0.007,16.9
7,52,55.56,9,4,0,1,9,1,9,0.007,16.5
7,51,55.56,9,4,0,1,9,1,9,0.008,16.5
7,57,44.44,9,5,0,1,9,1,9,0.009,16.2
7,48,55.56,9,4,0,1,9,1,9,0.015,15.4
7,54,55.56,9,4,0,1,9,1,9,0.018,15.4
7,33,50.00,8,4,0,1,8,1,8,0.020,15.4
7,47,57.14,7,3,0,1,7,1,7,0.026,15.0
7,6,57.14,7,3,0,1,7,1,7,0.027,15.0
7,15,57.14,7,3,0,1,7,1,7,0.031,15.0
7,31,57.14,7,3,0,1,7,1,7,0.042,14.6
7,29,62.50,8,3,0,2,9,11,18,0.058,14.6
7,1,37.50,8,5,0,1,8,1,8,0.11,14.2
7,58,44.44,9,5,0,1,9,1,9,0.16,13.9
8,42,90.00,10,1,0,1,10,1,10,2e-05,24.3
8,43,90.00,10,1,0,1,10,1,10,2e-05,24.3
8,60,100.00,9,0,0,1,9,1,9,3e-05,24.3
8,10,88.89,9,1,0,1,9,1,9,6e-05,23.1
8,13,88.89,9,1,0,1,9,1,9,7e-05,23.1
8,61,88.89,9,1,0,1,9,1,9,1e-04,22.3
8,18,88.89,9,1,0,1,9,1,9,1e-04,22.3
8,14,88.89,9,1,0,1,9,1,9,2e-04,21.6
8,19,77.78,9,2,0,1,9,1,9,5e-04,20.4
8,8,77.78,9,2,0,1,9,1,9,5e-04,20.4
8,2,77.78,9,2,0,1,9,1,9,6e-04,20.4
8,7,77.78,9,2,0,1,9,1,9,6e-04,20.4
8,49,77.78,9,2,0,1,9,1,9,6e-04,20.0
8,59,77.78,9,2,0,1,9,1,9,7e-04,20.0
8,5,77.78,9,2,0,1,9,1,9,7e-04,20.0
8,30,77.78,9,2,0,1,9,1,9,7e-04,20.0
8,62,77.78,9,2,0,1,9,1,9,7e-04,20.0
8,52,77.78,9,2,0,1,9,1,9,8e-04,20.0
8,16,77.78,9,2,0,1,9,1,9,8e-04,19.6
8,51,77.78,9,2,0,1,9,1,9,8e-04,19.6
8,35,66.67,9,3,0,1,9,1,9,9e-04,19.6
8,20,77.78,9,2,0,1,9,1,9,0.001,19.6
8,40,66.67,9,3,0,1,9,1,9,0.001,19.2
8,12,66.67,9,3,0,1,9,1,9,0.002,18.9
8,3,66.67,9,3,0,1,9,1,9,0.002,18.9
8,53,66.67,9,3,0,1,9,1,9,0.002,18.9
8,11,66.67,9,3,0,1,9,1,9,0.002,18.9
8,9,55.56,9,4,0,1,9,1,9,0.002,18.9
8,44,66.67,9,3,0,1,9,1,9,0.002,18.5
8,38,55.56,9,4,0,1,9,1,9,0.002,18.5
8,55,66.67,9,3,0,1,9,1,9,0.002,18.5
8,17,66.67,9,3,0,1,9,1,9,0.002,18.5
8,26,66.67,9,3,0,1,9,1,9,0.002,18.5
8,45,66.67,9,3,0,1,9,1,9,0.002,18.5
8,28,66.67,9,3,0,1,9,1,9,0.003,18.1
8,21,66.67,9,3,0,1,9,1,9,0.003,18.1
8,46,66.67,9,3,0,1,9,1,9,0.003,18.1
8,22,66.67,9,3,0,1,9,1,9,0.003,17.7
8,33,75.00,8,2,0,1,8,1,8,0.004,17.7
8,39,55.56,9,4,0,1,9,1,9,0.004,17.7
8,41,55.56,9,4,0,1,9,1,9,0.005,17.3
8,23,55.56,9,4,0,1,9,1,9,0.005,17.3
8,36,55.56,9,4,0,1,9,1,9,0.005,17.3
8,27,55.56,9,4,0,1,9,1,9,0.005,17.3
8,32,55.56,9,4,0,1,9,1,9,0.006,16.9
8,25,55.56,9,4,0,1,9,1,9,0.006,16.9
8,24,55.56,9,4,0,1,9,1,9,0.006,16.9
8,34,55.56,9,4,0,1,9,1,9,0.006,16.9
8,50,55.56,9,4,0,1,9,1,9,0.007,16.5
8,1,62.50,8,3,0,1,8,1,8,0.008,16.5
8,37,55.56,9,4,0,1,9,1,9,0.008,16.5
8,4,62.50,8,3,0,1,8,1,8,0.009,16.2
8,56,44.44,9,5,0,1,9,1,9,0.011,15.8
8,57,44.44,9,5,0,1,9,1,9,0.012,15.8
8,48,44.44,9,5,0,1,9,1,9,0.012,15.8
8,54,44.44,9,5,0,1,9,1,9,0.013,15.8
8,63,57.14,7,3,0,1,7,1,7,0.015,15.8
8,58,44.44,9,5,0,1,9,1,9,0.099,14.2
8,31,42.86,7,4,0,1,7,1,7,0.13,13.9
8,6,42.86,7,4,0,1,7,1,7,0.16,13.9
8,15,42.86,7,4,0,1,7,1,7,0.24,13.5
8,47,42.86,7,4,0,1,7,1,7,0.27,13.5
9,42,100.00,9,0,0,1,9,1,9,3e-05,23.9
9,43,100.00,9,0,0,1,9,1,9,4e-05,23.9
9,61,100.00,9,0,0,1,9,1,9,4e-05,23.9
9,60,88.89,9,1,0,1,9,1,9,1e-04,22.3
9,19,88.89,9,1,0,1,9,1,9,2e-04,21.9
9,2,88.89,9,1,0,1,9,1,9,2e-04,21.6
9,13,77.78,9,2,0,1,9,1,9,2e-04,21.6
9,10,77.78,9,2,0,1,9,1,9,2e-04,21.6
9,49,88.89,9,1,0,1,9,1,9,2e-04,21.6
9,35,77.78,9,2,0,1,9,1,9,2e-04,21.6
9,59,88.89,9,1,0,1,9,1,9,3e-04,21.2
9,5,88.89,9,1,0,1,9,1,9,3e-04,21.2
9,16,88.89,9,1,0,1,9,1,9,3e-04,21.2
9,62,88.89,9,1,0,1,9,1,9,3e-04,21.2
9,8,77.78,9,2,0,1,9,1,9,4e-04,20.8
9,20,77.78,9,2,0,1,9,1,9,4e-04,20.8
9,18,77.78,9,2,0,1,9,1,9,4e-04,20.8
9,12,77.78,9,2,0,1,9,1,9,4e-04,20.8
9,40,77.78,9,2,0,1,9,1,9,5e-04,20.4
9,9,66.67,9,3,0,1,9,1,9,5e-04,20.4
9,38,66.67,9,3,0,1,9,1,9,5e-04,20.4
9,11,77.78,9,2,0,1,9,1,9,6e-04,20.4
9,3,77.78,9,2,0,1,9,1,9,7e-04,20.0
9,44,77.78,9,2,0,1,9,1,9,8e-04,19.6
9,26,77.78,9,2,0,1,9,1,9,9e-04,19.6
9,14,77.78,9,2,0,1,9,1,9,9e-04,19.6
9,55,77.78,9,2,0,1,9,1,9,0.001,19.6
9,17,77.78,9,2,0,1,9,1,9,0.001,19.6
9,28,77.78,9,2,0,1,9,1,9,0.001,19.6
9,45,77.78,9,2,0,1,9,1,9,0.001,19.6
9,46,77.78,9,2,0,1,9,1,9,0.001,19.2
9,21,77.78,9,2,0,1,9,1,9,0.001,19.2
9,41,66.67,9,3,0,1,9,1,9,0.001,18.9
9,33,87.50,8,1,0,1,8,1,8,0.002,18.9
9,36,55.56,9,4,0,1,9,1,9,0.002,18.9
9,23,55.56,9,4,0,1,9,1,9,0.002,18.9
9,22,77.78,9,2,0,1,9,1,9,0.002,18.9
9,39,66.67,9,3,0,1,9,1,9,0.002,18.9
9,34,66.67,9,3,0,1,9,1,9,0.002,18.9
9,32,66.67,9,3,0,1,9,1,9,0.002,18.5
9,24,66.67,9,3,0,1,9,1,9,0.002,18.5
9,25,66.67,9,3,0,1,9,1,9,0.002,18.5
9,27,55.56,9,4,0,1,9,1,9,0.002,18.1
9,7,66.67,9,3,0,1,9,1,9,0.002,18.1
9,50,55.56,9,4,0,1,9,1,9,0.002,18.1
9,52,66.67,9,3,0,1,9,1,9,0.003,18.1
9,30,66.67,9,3,0,1,9,1,9,0.003,18.1
9,51,66.67,9,3,0,1,9,1,9,0.003,17.7
9,56,55.56,9,4,0,1,9,1,9,0.003,17.7
9,37,66.67,9,3,0,1,9,1,9,0.003,17.7
9,1,75.00,8,2,0,1,8,1,8,0.004,17.7
9,57,55.56,9,4,0,1,9,1,9,0.004,17.3
9,53,55.56,9,4,0,1,9,1,9,0.004,17.3
9,4,75.00,8,2,0,1,8,1,8,0.004,17.3
9,63,71.43,7,2,0,1,7,1,7,0.005,17.3
9,29,62.50,8,3,0,2,9,11,18,0.042,15.0
9,15,42.86,7,4,0,1,7,1,7,0.058,14.6
9,6,42.86,7,4,0,1,7,1,7,0.063,14.2
9,47,42.86,7,4,0,1,7,1,7,0.075,14.2
9,58,50.00,8,4,0,1,8,1,8,0.078,14.2
9,31,28.57,7,5,0,1,7,1,7,1.1,12.3
10,39,100.00,9,0,0,1,9,1,9,8e-05,22.7
10,27,88.89,9,1,0,1,9,1,9,1e-04,22.3
10,37,88.89,9,1,0,1,9,1,9,5e-04,20.4
10,42,66.67,9,3,0,1,9,1,9,0.001,18.9
10,43,66.67,9,3,0,1,9,1,9,0.002,18.9
10,61,66.67,9,3,0,1,9,1,9,0.002,18.9
10,19,66.67,9,3,0,1,9,1,9,0.002,18.5
10,44,66.67,9,3,0,1,9,1,9,0.002,18.5
10,2,66.67,9,3,0,1,9,1,9,0.002,18.5
10,9,55.56,9,4,0,1,9,1,9,0.002,18.5
10,3,55.56,9,4,0,1,9,1,9,0.002,18.1
10,13,55.56,9,4,0,1,9,1,9,0.003,18.1
10,35,55.56,9,4,0,1,9,1,9,0.003,18.1
10,12,66.67,9,3,0,1,9,1,9,0.003,18.1
10,16,66.67,9,3,0,1,9,1,9,0.003,18.1
10,11,66.67,9,3,0,1,9,1,9,0.003,17.7
10,10,55.56,9,4,0,1,9,1,9,0.003,17.7
10,38,55.56,9,4,0,1,9,1,9,0.003,17.7
10,21,66.67,9,3,0,1,9,1,9,0.003,17.7
10,59,66.67,9,3,0,1,9,1,9,0.003,17.7
10,60,55.56,9,4,0,1,9,1,9,0.004,17.7
10,20,55.56,9,4,0,1,9,1,9,0.004,17.7
10,36,44.44,9,5,0,1,9,1,9,0.004,17.7
10,49,66.67,9,3,0,1,9,1,9,0.004,17.3
10,62,66.67,9,3,0,1,9,1,9,0.004,17.3
10,40,55.56,9,4,0,1,9,1,9,0.004,17.3
10,23,44.44,9,5,0,1,9,1,9,0.004,17.3
10,57,55.56,9,4,0,1,9,1,9,0.005,16.9
10,7,55.56,9,4,0,1,9,1,9,0.005,17.3
10,34,55.56,9,4,0,1,9,1,9,0.005,16.9
10,50,44.44,9,5,0,1,9,1,9,0.006,16.9
10,41,55.56,9,4,0,1,9,1,9,0.006,16.9
10,55,66.67,9,3,0,1,9,1,9,0.006,16.9
10,24,55.56,9,4,0,1,9,1,9,0.007,16.5
10,56,55.56,9,4,0,1,9,1,9,0.008,16.5
10,32,55.56,9,4,0,1,9,1,9,0.008,16.5
10,53,44.44,9,5,0,1,9,1,9,0.009,16.2
10,28,55.56,9,4,0,1,9,1,9,0.009,16.2
10,46,55.56,9,4,0,1,9,1,9,0.009,16.2
10,25,55.56,9,4,0,1,9,1,9,0.009,16.2
10,17,55.56,9,4,0,1,9,1,9,0.010,15.8
10,5,55.56,9,4,0,1,9,1,9,0.010,15.8
10,26,55.56,9,4,0,1,9,1,9,0.011,15.8
10,45,55.56,9,4,0,1,9,1,9,0.012,15.8
10,63,57.14,7,3,0,1,7,1,7,0.020,15.4
10,22,55.56,9,4,0,1,9,1,9,0.027,15.0
10,1,83.33,6,1,0,1,6,1,6,0.035,15.0
10,47,42.86,7,4,0,1,7,1,7,0.13,13.9
10,15,42.86,7,4,0,1,7,1,7,0.13,13.9
10,6,42.86,7,4,0,1,7,1,7,0.17,13.9
10,33,66.67,6,2,0,1,6,1,6,0.20,13.5
10,4,50.00,6,3,0,1,6,1,6,1.1,12.3
11,23,100.00,9,0,0,1,9,1,9,5e-05,23.5
11,36,88.89,9,1,0,1,9,1,9,2e-04,21.9
11,9,77.78,9,2,0,1,9,1,9,2e-04,21.6
11,50,88.89,9,1,0,1,9,1,9,2e-04,21.2
11,41,77.78,9,2,0,1,9,1,9,3e-04,21.2
11,35,77.78,9,2,0,1,9,1,9,3e-04,21.2
11,19,66.67,9,3,0,1,9,1,9,3e-04,21.2
11,34,77.78,9,2,0,1,9,1,9,3e-04,20.8
11,11,66.67,9,3,0,1,9,1,9,6e-04,20.0
11,12,66.67,9,3,0,1,9,1,9,7e-04,20.0
11,53,77.78,9,2,0,1,9,1,9,9e-04,19.6
11,2,55.56,9,4,0,1,9,1,9,0.001,19.6
11,59,55.56,9,4,0,1,9,1,9,0.001,19.2
11,32,66.67,9,3,0,1,9,1,9,0.001,19.2
11,38,66.67,9,3,0,1,9,1,9,0.001,19.2
11,62,55.56,9,4,0,1,9,1,9,0.001,19.2
11,20,66.67,9,3,0,1,9,1,9,0.001,19.2
11,3,66.67,9,3,0,1,9,1,9,0.001,19.2
11,49,55.56,9,4,0,1,9,1,9,0.001,19.2
11,42,55.56,9,4,0,1,9,1,9,0.001,18.9
11,25,66.67,9,3,0,1,9,1,9,0.001,19.2
11,30,66.67,9,3,0,1,9,1,9,0.001,19.2
11,63,85.71,7,1,0,1,7,1,7,0.001,19.2
11,16,55.56,9,4,0,1,9,1,9,0.001,18.9
11,43,55.56,9,4,0,1,9,1,9,0.002,18.9
11,61,55.56,9,4,0,1,9,1,9,0.002,18.9
11,24,66.67,9,3,0,1,9,1,9,0.002,18.5
11,28,55.56,9,4,0,1,9,1,9,0.002,18.5
11,8,55.56,9,4,0,1,9,1,9,0.002,18.5
11,40,55.56,9,4,0,1,9,1,9,0.002,18.5
11,45,55.56,9,4,0,1,9,1,9,0.002,18.5
11,17,55.56,9,4,0,1,9,1,9,0.002,18.5
11,26,55.56,9,4,0,1,9,1,9,0.002,18.5
11,13,66.67,9,3,0,1,9,1,9,0.002,18.1
11,22,55.56,9,4,0,1,9,1,9,0.003,18.1
11,46,55.56,9,4,0,1,9,1,9,0.003,17.7
11,10,55.56,9,4,0,1,9,1,9,0.003,17.7
11,14,55.56,9,4,0,1,9,1,9,0.003,17.7
11,55,44.44,9,5,0,1,9,1,9,0.003,17.7
11,27,55.56,9,4,0,1,9,1,9,0.004,17.7
11,60,55.56,9,4,0,1,9,1,9,0.004,17.3
11,39,44.44,9,5,0,1,9,1,9,0.004,17.3
11,5,55.56,9,4,0,1,9,1,9,0.005,17.3
11,52,55.56,9,4,0,1,9,1,9,0.005,16.9
11,51,55.56,9,4,0,1,9,1,9,0.006,16.9
11,44,55.56,9,4,0,1,9,1,9,0.006,16.9
11,37,44.44,9,5,0,1,9,1,9,0.006,16.9
11,21,55.56,9,4,0,1,9,1,9,0.007,16.5
11,18,55.56,9,4,0,1,9,1,9,0.009,16.2
11,48,55.56,9,4,0,1,9,1,9,0.011,15.8
11,4,66.67,6,2,0,1,6,1,6,0.011,15.8
11,54,55.56,9,4,0,1,9,1,9,0.015,15.4
11,57,33.33,9,6,0,1,9,1,9,0.019,15.4
11,7,55.56,9,4,0,1,9,1,9,0.020,15.4
11,47,57.14,7,3,0,1,7,1,7,0.041,14.6
11,6,57.14,7,3,0,1,7,1,7,0.042,14.6
11,15,57.14,7,3,0,1,7,1,7,0.047,14.6
11,31,50.00,8,4,0,1,8,1,8,0.055,14.6
11,33,50.00,6,3,0,1,6,1,6,0.063,14.2
11,1,33.33,6,4,0,1,6,1,6,0.38,13.1
11,58,50.00,6,3,0,1,6,1,6,0.92,12.7
12,45,100.00,9,0,0,1,9,1,9,9e-05,22.7
12,17,77.78,9,2,0,1,9,1,9,2e-04,21.6
12,62,88.89,9,1,0,1,9,1,9,2e-04,21.6
12,59,77.78,9,2,0,1,9,1,9,3e-04,21.2
12,28,77.78,9,2,0,1,9,1,9,3e-04,21.2
12,25,77.78,9,2,0,1,9,1,9,3e-04,21.2
12,49,77.78,9,2,0,1,9,1,9,4e-04,20.8
12,26,77.78,9,2,0,1,9,1,9,4e-04,20.8
12,22,88.89,9,1,0,1,9,1,9,4e-04,20.8
12,40,88.89,9,1,0,1,9,1,9,4e-04,20.8
12,11,77.78,9,2,0,1,9,1,9,4e-04,20.8
12,32,66.67,9,3,0,1,9,1,9,4e-04,20.4
12,14,77.78,9,2,0,1,9,1,9,5e-04,20.4
12,8,66.67,9,3,0,1,9,1,9,5e-04,20.4
12,51,77.78,9,2,0,1,9,1,9,6e-04,20.4
12,30,77.78,9,2,0,1,9,1,9,6e-04,20.0
12,19,77.78,9,2,0,1,9,1,9,6e-04,20.0
12,42,77.78,9,2,0,1,9,1,9,7e-04,19.6
12,12,66.67,9,3,0,1,9,1,9,7e-04,20.0
12,52,66.67,9,3,0,1,9,1,9,7e-04,20.0
12,2,77.78,9,2,0,1,9,1,9,8e-04,20.0
12,55,77.78,9,2,0,1,9,1,9,8e-04,19.6
12,41,66.67,9,3,0,1,9,1,9,8e-04,19.6
12,38,77.78,9,2,0,1,9,1,9,8e-04,19.6
12,46,77.78,9,2,0,1,9,1,9,0.001,19.6
12,43,77.78,9,2,0,1,9,1,9,0.001,19.2
12,61,77.78,9,2,0,1,9,1,9,0.001,19.6
12,16,77.78,9,2,0,1,9,1,9,0.001,19.2
12,20,66.67,9,3,0,1,9,1,9,0.002,18.9
12,18,66.67,9,3,0,1,9,1,9,0.002,18.9
12,23,55.56,9,4,0,1,9,1,9,0.002,18.5
12,24,66.67,9,3,0,1,9,1,9,0.002,18.5
12,57,85.71,7,1,0,1,7,1,7,0.002,18.1
12,10,66.67,9,3,0,1,9,1,9,0.002,18.5
12,60,66.67,9,3,0,1,9,1,9,0.002,18.5
12,35,66.67,9,3,0,1,9,1,9,0.002,18.5
12,9,66.67,9,3,0,1,9,1,9,0.002,18.5
12,5,77.78,9,2,0,1,9,1,9,0.003,18.1
12,34,66.67,9,3,0,1,9,1,9,0.003,17.7
12,50,55.56,9,4,0,1,9,1,9,0.004,17.7
12,48,55.56,9,4,0,1,9,1,9,0.004,17.3
12,36,55.56,9,4,0,1,9,1,9,0.004,17.3
12,44,66.67,9,3,0,1,9,1,9,0.004,17.3
12,13,55.56,9,4,0,1,9,1,9,0.004,17.3
12,53,55.56,9,4,0,1,9,1,9,0.006,16.9
12,63,71.43,7,2,0,1,7,1,7,0.007,16.5
12,3,66.67,9,3,0,1,9,1,9,0.007,16.5
12,21,66.67,9,3,0,1,9,1,9,0.009,16.2
12,56,55.56,9,4,0,1,9,1,9,0.010,16.2
12,39,55.56,9,4,0,1,9,1,9,0.012,15.8
12,33,83.33,6,1,0,1,6,1,6,0.013,15.8
12,4,83.33,6,1,0,1,6,1,6,0.015,15.4
12,27,44.44,9,5,0,1,9,1,9,0.019,15.4
12,37,55.56,9,4,0,1,9,1,9,0.022,15.0
12,15,37.50,8,5,0,1,8,1,8,0.037,14.6
12,6,42.86,7,4,0,1,7,1,7,0.062,14.2
12,47,42.86,7,4,0,1,7,1,7,0.077,14.2
12,58,66.67,6,2,0,1,6,1,6,0.078,14.2
13,42,90.00,10,1,0,1,10,1,10,5e-05,23.1
13,62,100.00,9,0,0,1,9,1,9,7e-05,23.1
13,43,90.00,10,1,0,1,10,1,10,8e-05,22.7
13,59,88.89,9,1,0,1,9,1,9,9e-05,22.7
13,49,88.89,9,1,0,1,9,1,9,1e-04,22.3
13,11,88.89,9,1,0,1,9,1,9,1e-04,22.3
13,14,88.89,9,1,0,1,9,1,9,2e-04,21.9
13,8,77.78,9,2,0,1,9,1,9,2e-04,21.9
13,19,88.89,9,1,0,1,9,1,9,2e-04,21.6
13,55,88.89,9,1,0,1,9,1,9,2e-04,21.6
13,12,77.78,9,2,0,1,9,1,9,2e-04,21.6
13,2,88.89,9,1,0,1,9,1,9,2e-04,21.6
13,45,88.89,9,1,0,1,9,1,9,2e-04,21.6
13,61,88.89,9,1,0,1,9,1,9,3e-04,21.2
13,17,77.78,9,2,0,1,9,1,9,4e-04,20.8
13,28,77.78,9,2,0,1,9,1,9,4e-04,20.8
13,16,88.89,9,1,0,1,9,1,9,4e-04,20.8
13,30,77.78,9,2,0,1,9,1,9,4e-04,20.8
13,22,88.89,9,1,0,1,9,1,9,4e-04,20.8
13,26,77.78,9,2,0,1,9,1,9,5e-04,20.8
13,20,77.78,9,2,0,1,9,1,9,5e-04,20.4
13,25,77.78,9,2,0,1,9,1,9,5e-04,20.4
13,41,66.67,9,3,0,1,9,1,9,5e-04,20.4
13,51,77.78,9,2,0,1,9,1,9,7e-04,20.0
13,10,77.78,9,2,0,1,9,1,9,7e-04,20.0
13,32,66.67,9,3,0,1,9,1,9,7e-04,20.0
13,60,77.78,9,2,0,1,9,1,9,8e-04,20.0
13,52,66.67,9,3,0,1,9,1,9,9e-04,19.6
13,23,55.56,9,4,0,1,9,1,9,0.001,19.2
13,40,77.78,9,2,0,1,9,1,9,0.001,18.9
13,13,66.67,9,3,0,1,9,1,9,0.002,18.9
13,9,66.67,9,3,0,1,9,1,9,0.002,18.9
13,35,66.67,9,3,0,1,9,1,9,0.002,18.9
13,46,77.78,9,2,0,1,9,1,9,0.002,18.9
13,38,66.67,9,3,0,1,9,1,9,0.002,18.5
13,50,55.56,9,4,0,1,9,1,9,0.003,18.1
13,34,66.67,9,3,0,1,9,1,9,0.003,18.1
13,36,55.56,9,4,0,1,9,1,9,0.003,18.1
13,5,77.78,9,2,0,1,9,1,9,0.003,18.1
13,18,66.67,9,3,0,1,9,1,9,0.003,18.1
13,24,66.67,9,3,0,1,9,1,9,0.003,18.1
13,53,55.56,9,4,0,1,9,1,9,0.004,17.3
13,57,71.43,7,2,0,1,7,1,7,0.004,16.9
13,33,100.00,6,0,0,1,6,1,6,0.004,17.3
13,39,66.67,9,3,0,1,9,1,9,0.005,17.3
13,63,71.43,7,2,0,1,7,1,7,0.005,17.3
13,3,66.67,9,3,0,1,9,1,9,0.005,16.9
13,27,55.56,9,4,0,1,9,1,9,0.006,16.9
13,37,66.67,9,3,0,1,9,1,9,0.007,16.5
13,44,66.67,9,3,0,1,9,1,9,0.007,16.5
13,4,83.33,6,1,0,1,6,1,6,0.010,16.2
13,1,83.33,6,1,0,1,6,1,6,0.010,16.2
13,21,66.67,9,3,0,1,9,1,9,0.011,15.8
13,15,37.50,8,5,0,1,8,1,8,0.038,14.6
13,6,42.86,7,4,0,1,7,1,7,0.065,14.2
13,47,42.86,7,4,0,1,7,1,7,0.082,14.2
13,58,66.67,6,2,0,1,6,1,6,0.094,14.2
13,29,62.50,8,3,0,2,9,11,18,0.20,13.9
13,31,28.57,7,5,0,1,7,1,7,0.87,12.7
14,30,100.00,9,0,0,1,9,1,9,3e-05,23.9
14,14,88.89,9,1,0,1,9,1,9,9e-05,22.7
14,51,88.89,9,1,0,1,9,1,9,2e-04,21.9
14,52,77.78,9,2,0,1,9,1,9,2e-04,21.6
14,62,77.78,9,2,0,1,9,1,9,4e-04,20.8
14,10,77.78,9,2,0,1,9,1,9,5e-04,20.4
14,8,66.67,9,3,0,1,9,1,9,5e-04,20.4
14,59,66.67,9,3,0,1,9,1,9,5e-04,20.4
14,53,77.78,9,2,0,1,9,1,9,6e-04,20.4
14,45,77.78,9,2,0,1,9,1,9,6e-04,20.0
14,60,77.78,9,2,0,1,9,1,9,7e-04,20.0
14,41,66.67,9,3,0,1,9,1,9,7e-04,20.0
14,49,66.67,9,3,0,1,9,1,9,7e-04,20.0
14,17,66.67,9,3,0,1,9,1,9,0.001,19.6
14,28,66.67,9,3,0,1,9,1,9,0.001,19.6
14,22,77.78,9,2,0,1,9,1,9,0.001,19.6
14,11,66.67,9,3,0,1,9,1,9,0.001,19.6
14,55,66.67,9,3,0,1,9,1,9,0.001,19.2
14,26,66.67,9,3,0,1,9,1,9,0.001,19.2
14,19,66.67,9,3,0,1,9,1,9,0.001,19.2
14,18,77.78,9,2,0,1,9,1,9,0.001,19.2
14,23,66.67,9,3,0,1,9,1,9,0.001,19.2
14,2,66.67,9,3,0,1,9,1,9,0.001,18.9
14,25,66.67,9,3,0,1,9,1,9,0.002,18.9
14,13,66.67,9,3,0,1,9,1,9,0.002,18.9
14,12,55.56,9,4,0,1,9,1,9,0.002,18.9
14,9,66.67,9,3,0,1,9,1,9,0.002,18.5
14,42,66.67,9,3,0,1,9,1,9,0.002,18.1
14,32,55.56,9,4,0,1,9,1,9,0.002,18.1
14,16,66.67,9,3,0,1,9,1,9,0.002,18.1
14,35,66.67,9,3,0,1,9,1,9,0.003,18.1
14,43,66.67,9,3,0,1,9,1,9,0.003,18.1
14,50,66.67,9,3,0,1,9,1,9,0.003,18.1
14,20,66.67,9,3,0,1,9,1,9,0.003,18.1
14,61,66.67,9,3,0,1,9,1,9,0.003,18.1
14,34,66.67,9,3,0,1,9,1,9,0.003,18.1
14,36,66.67,9,3,0,1,9,1,9,0.003,18.1
14,48,55.56,9,4,0,1,9,1,9,0.003,17.7
14,40,66.67,9,3,0,1,9,1,9,0.003,17.7
14,54,55.56,9,4,0,1,9,1,9,0.003,17.7
14,46,66.67,9,3,0,1,9,1,9,0.004,17.3
14,3,66.67,9,3,0,1,9,1,9,0.005,16.9
14,7,66.67,9,3,0,1,9,1,9,0.006,16.9
14,63,71.43,7,2,0,1,7,1,7,0.006,16.9
14,38,55.56,9,4,0,1,9,1,9,0.008,16.5
14,5,66.67,9,3,0,1,9,1,9,0.008,16.5
14,24,55.56,9,4,0,1,9,1,9,0.009,16.2
14,4,83.33,6,1,0,1,6,1,6,0.011,15.8
14,31,57.14,7,3,0,1,7,1,7,0.018,15.4
14,57,57.14,7,3,0,1,7,1,7,0.029,15.0
14,33,66.67,6,2,0,1,6,1,6,0.059,14.6
14,58,66.67,6,2,0,1,6,1,6,0.24,13.5
14,1,50.00,6,3,0,1,6,1,6,0.34,13.1
14,6,42.86,7,4,0,1,7,1,7,0.35,13.1
14,15,37.50,8,5,0,1,8,1,8,0.42,13.1
14,47,42.86,7,4,0,1,7,1,7,0.54,12.7
15,55,100.00,9,0,0,1,9,1,9,9e-05,22.7
15,62,88.89,9,1,0,1,9,1,9,2e-04,21.6
15,59,77.78,9,2,0,1,9,1,9,2e-04,21.2
15,49,77.78,9,2,0,1,9,1,9,3e-04,21.2
15,11,77.78,9,2,0,1,9,1,9,4e-04,20.8
15,14,77.78,9,2,0,1,9,1,9,5e-04,20.4
15,8,66.67,9,3,0,1,9,1,9,5e-04,20.4
15,19,77.78,9,2,0,1,9,1,9,6e-04,20.4
15,12,66.67,9,3,0,1,9,1,9,6e-04,20.0
15,42,77.78,9,2,0,1,9,1,9,6e-04,20.0
15,2,77.78,9,2,0,1,9,1,9,7e-04,20.0
15,45,77.78,9,2,0,1,9,1,9,8e-04,19.6
15,28,66.67,9,3,0,1,9,1,9,8e-04,19.6
15,43,77.78,9,2,0,1,9,1,9,9e-04,19.6
15,61,77.78,9,2,0,1,9,1,9,0.001,19.6
15,26,66.67,9,3,0,1,9,1,9,0.001,19.6
15,17,66.67,9,3,0,1,9,1,9,0.001,19.2
15,30,66.67,9,3,0,1,9,1,9,0.001,19.2
15,16,77.78,9,2,0,1,9,1,9,0.001,19.2
15,22,77.78,9,2,0,1,9,1,9,0.001,19.2
15,51,66.67,9,3,0,1,9,1,9,0.001,18.9
15,20,66.67,9,3,0,1,9,1,9,0.001,18.9
15,41,55.56,9,4,0,1,9,1,9,0.002,18.9
15,25,66.67,9,3,0,1,9,1,9,0.002,18.9
15,52,55.56,9,4,0,1,9,1,9,0.002,18.5
15,10,66.67,9,3,0,1,9,1,9,0.002,18.5
15,60,66.67,9,3,0,1,9,1,9,0.002,18.5
15,32,55.56,9,4,0,1,9,1,9,0.002,18.5
15,48,66.67,9,3,0,1,9,1,9,0.003,18.1
15,23,44.44,9,5,0,1,9,1,9,0.003,17.7
15,13,55.56,9,4,0,1,9,1,9,0.004,17.3
15,35,55.56,9,4,0,1,9,1,9,0.004,17.3
15,9,55.56,9,4,0,1,9,1,9,0.004,17.3
15,40,66.67,9,3,0,1,9,1,9,0.004,17.3
15,46,66.67,9,3,0,1,9,1,9,0.005,17.3
15,36,44.44,9,5,0,1,9,1,9,0.006,16.9
15,34,55.56,9,4,0,1,9,1,9,0.006,16.9
15,39,66.67,9,3,0,1,9,1,9,0.006,16.9
15,38,55.56,9,4,0,1,9,1,9,0.006,16.5
15,50,44.44,9,5,0,1,9,1,9,0.007,16.5
15,57,71.43,7,2,0,1,7,1,7,0.007,16.2
15,27,55.56,9,4,0,1,9,1,9,0.008,16.5
15,5,66.67,9,3,0,1,9,1,9,0.008,16.5
15,37,66.67,9,3,0,1,9,1,9,0.008,16.5
15,18,55.56,9,4,0,1,9,1,9,0.008,16.5
15,24,55.56,9,4,0,1,9,1,9,0.008,16.2
15,15,50.00,8,4,0,1,8,1,8,0.008,16.2
15,6,57.14,7,3,0,1,7,1,7,0.010,15.8
15,53,44.44,9,5,0,1,9,1,9,0.010,15.8
15,33,83.33,6,1,0,1,6,1,6,0.012,15.8
15,47,57.14,7,3,0,1,7,1,7,0.012,15.8
15,63,57.14,7,3,0,1,7,1,7,0.012,15.8
15,3,55.56,9,4,0,1,9,1,9,0.014,15.4
15,1,83.33,6,1,0,1,6,1,6,0.015,15.4
15,44,55.56,9,4,0,1,9,1,9,0.025,15.0
15,4,66.67,6,2,0,1,6,1,6,0.056,14.6
15,21,55.56,9,4,0,1,9,1,9,0.066,14.2
16,40,100.00,9,0,0,1,9,1,9,5e-05,23.5
16,38,77.78,9,2,0,1,9,1,9,3e-04,21.2
16,42,77.78,9,2,0,1,9,1,9,3e-04,20.8
16,45,88.89,9,1,0,1,9,1,9,4e-04,20.8
16,43,77.78,9,2,0,1,9,1,9,4e-04,20.4
16,61,77.78,9,2,0,1,9,1,9,5e-04,20.4
16,46,77.78,9,2,0,1,9,1,9,6e-04,20.4
16,17,77.78,9,2,0,1,9,1,9,6e-04,20.4
16,18,66.67,9,3,0,1,9,1,9,7e-04,20.0
16,5,77.78,9,2,0,1,9,1,9,7e-04,20.0
16,35,66.67,9,3,0,1,9,1,9,8e-04,20.0
16,19,77.78,9,2,0,1,9,1,9,8e-04,20.0
16,9,66.67,9,3,0,1,9,1,9,8e-04,20.0
16,2,77.78,9,2,0,1,9,1,9,8e-04,19.6
16,26,77.78,9,2,0,1,9,1,9,8e-04,19.6
16,28,77.78,9,2,0,1,9,1,9,9e-04,19.6
16,49,77.78,9,2,0,1,9,1,9,0.001,19.2
16,16,77.78,9,2,0,1,9,1,9,0.001,19.2
16,24,66.67,9,3,0,1,9,1,9,0.001,19.2
16,59,77.78,9,2,0,1,9,1,9,0.001,19.2
16,10,66.67,9,3,0,1,9,1,9,0.001,19.2
16,60,66.67,9,3,0,1,9,1,9,0.001,19.2
16,32,66.67,9,3,0,1,9,1,9,0.001,19.2
16,44,66.67,9,3,0,1,9,1,9,0.001,19.2
16,62,77.78,9,2,0,1,9,1,9,0.001,18.9
16,25,66.67,9,3,0,1,9,1,9,0.001,18.9
16,22,77.78,9,2,0,1,9,1,9,0.001,18.9
16,20,66.67,9,3,0,1,9,1,9,0.001,18.9
16,57,66.67,9,3,0,1,9,1,9,0.002,18.5
16,8,66.67,9,3,0,1,9,1,9,0.002,18.9
16,41,66.67,9,3,0,1,9,1,9,0.002,18.5
16,36,55.56,9,4,0,1,9,1,9,0.002,18.5
16,23,55.56,9,4,0,1,9,1,9,0.002,18.5
16,12,66.67,9,3,0,1,9,1,9,0.002,18.5
16,34,66.67,9,3,0,1,9,1,9,0.002,18.5
16,13,55.56,9,4,0,1,9,1,9,0.002,18.5
16,52,66.67,9,3,0,1,9,1,9,0.002,18.1
16,3,66.67,9,3,0,1,9,1,9,0.002,18.1
16,11,66.67,9,3,0,1,9,1,9,0.003,18.1
16,50,55.56,9,4,0,1,9,1,9,0.003,18.1
16,21,66.67,9,3,0,1,9,1,9,0.003,18.1
16,51,66.67,9,3,0,1,9,1,9,0.003,18.1
16,30,66.67,9,3,0,1,9,1,9,0.003,17.7
16,56,55.56,9,4,0,1,9,1,9,0.004,17.7
16,14,66.67,9,3,0,1,9,1,9,0.004,17.7
16,7,55.56,9,4,0,1,9,1,9,0.004,17.7
16,39,55.56,9,4,0,1,9,1,9,0.004,17.3
16,55,66.67,9,3,0,1,9,1,9,0.004,17.3
16,53,55.56,9,4,0,1,9,1,9,0.005,17.3
16,27,44.44,9,5,0,1,9,1,9,0.006,16.9
16,63,71.43,7,2,0,1,7,1,7,0.007,16.5
16,37,55.56,9,4,0,1,9,1,9,0.011,15.8
16,4,62.50,8,3,0,1,8,1,8,0.012,15.8
16,33,62.50,8,3,0,1,8,1,8,0.015,15.4
16,15,42.86,7,4,0,1,7,1,7,0.055,14.6
16,6,42.86,7,4,0,1,7,1,7,0.059,14.2
16,47,42.86,7,4,0,1,7,1,7,0.070,14.2
16,58,66.67,6,2,0,1,6,1,6,0.076,14.2
17,26,100.00,9,0,0,1,9,1,9,7e-05,23.1
17,28,88.89,9,1,0,1,9,1,9,2e-04,21.9
17,49,88.89,9,1,0,1,9,1,9,2e-04,21.6
17,45,77.78,9,2,0,1,9,1,9,4e-04,20.8
17,51,77.78,9,2,0,1,9,1,9,4e-04,20.8
17,62,77.78,9,2,0,1,9,1,9,4e-04,20.8
17,52,77.78,9,2,0,1,9,1,9,4e-04,20.8
17,8,77.78,9,2,0,1,9,1,9,4e-04,20.8
17,12,77.78,9,2,0,1,9,1,9,4e-04,20.4
17,59,77.78,9,2,0,1,9,1,9,5e-04,20.4
17,17,77.78,9,2,0,1,9,1,9,5e-04,20.4
17,41,77.78,9,2,0,1,9,1,9,5e-04,20.4
17,42,77.78,9,2,0,1,9,1,9,6e-04,20.0
17,19,77.78,9,2,0,1,9,1,9,8e-04,20.0
17,2,77.78,9,2,0,1,9,1,9,8e-04,19.6
17,40,77.78,9,2,0,1,9,1,9,8e-04,19.6
17,11,66.67,9,3,0,1,9,1,9,8e-04,19.6
17,43,77.78,9,2,0,1,9,1,9,8e-04,19.6
17,25,66.67,9,3,0,1,9,1,9,9e-04,19.6
17,61,77.78,9,2,0,1,9,1,9,9e-04,19.6
17,22,77.78,9,2,0,1,9,1,9,0.001,19.6
17,55,66.67,9,3,0,1,9,1,9,0.001,19.6
17,14,66.67,9,3,0,1,9,1,9,0.001,19.2
17,30,66.67,9,3,0,1,9,1,9,0.001,19.2
17,16,77.78,9,2,0,1,9,1,9,0.001,18.9
17,32,66.67,9,3,0,1,9,1,9,0.001,18.9
17,46,77.78,9,2,0,1,9,1,9,0.001,18.9
17,38,66.67,9,3,0,1,9,1,9,0.002,18.5
17,20,66.67,9,3,0,1,9,1,9,0.002,18.5
17,35,66.67,9,3,0,1,9,1,9,0.002,18.5
17,9,66.67,9,3,0,1,9,1,9,0.002,18.5
17,60,66.67,9,3,0,1,9,1,9,0.002,18.5
17,23,55.56,9,4,0,1,9,1,9,0.002,18.5
17,18,66.67,9,3,0,1,9,1,9,0.002,18.1
17,10,66.67,9,3,0,1,9,1,9,0.002,18.1
17,5,77.78,9,2,0,1,9,1,9,0.002,18.1
17,24,66.67,9,3,0,1,9,1,9,0.003,18.1
17,34,66.67,9,3,0,1,9,1,9,0.003,17.7
17,57,71.43,7,2,0,1,7,1,7,0.004,17.3
17,50,55.56,9,4,0,1,9,1,9,0.004,17.3
17,13,55.56,9,4,0,1,9,1,9,0.004,17.3
17,36,55.56,9,4,0,1,9,1,9,0.005,16.9
17,44,66.67,9,3,0,1,9,1,9,0.006,16.9
17,3,66.67,9,3,0,1,9,1,9,0.006,16.9
17,15,50.00,8,4,0,1,8,1,8,0.006,16.5
17,53,55.56,9,4,0,1,9,1,9,0.007,16.5
17,63,71.43,7,2,0,1,7,1,7,0.008,16.5
17,6,57.14,7,3,0,1,7,1,7,0.008,16.2
17,47,57.14,7,3,0,1,7,1,7,0.009,16.2
17,39,55.56,9,4,0,1,9,1,9,0.011,15.8
17,21,66.67,9,3,0,1,9,1,9,0.011,15.8
17,7,55.56,9,4,0,1,9,1,9,0.015,15.4
17,33,83.33,6,1,0,1,6,1,6,0.015,15.4
17,27,44.44,9,5,0,1,9,1,9,0.015,15.4
17,56,44.44,9,5,0,1,9,1,9,0.016,15.4
17,4,83.33,6,1,0,1,6,1,6,0.016,15.4
17,37,55.56,9,4,0,1,9,1,9,0.020,15.4
17,58,66.67,6,2,0,1,6,1,6,0.23,13.5
18,49,100.00,9,0,0,1,9,1,9,5e-05,23.5
18,62,88.89,9,1,0,1,9,1,9,1e-04,22.7
18,8,88.89,9,1,0,1,9,1,9,1e-04,22.3
18,12,88.89,9,1,0,1,9,1,9,1e-04,22.3
18,59,88.89,9,1,0,1,9,1,9,1e-04,22.3
18,42,88.89,9,1,0,1,9,1,9,1e-04,21.9
18,19,88.89,9,1,0,1,9,1,9,2e-04,21.9
18,2,88.89,9,1,0,1,9,1,9,2e-04,21.6
18,11,77.78,9,2,0,1,9,1,9,2e-04,21.6
18,43,88.89,9,1,0,1,9,1,9,2e-04,21.6
18,26,88.89,9,1,0,1,9,1,9,2e-04,21.6
18,61,88.89,9,1,0,1,9,1,9,2e-04,21.6
18,41,77.78,9,2,0,1,9,1,9,3e-04,21.2
18,14,77.78,9,2,0,1,9,1,9,3e-04,21.2
18,55,77.78,9,2,0,1,9,1,9,3e-04,21.2
18,45,77.78,9,2,0,1,9,1,9,4e-04,20.8
18,16,88.89,9,1,0,1,9,1,9,4e-04,20.8
18,28,77.78,9,2,0,1,9,1,9,5e-04,20.4
18,17,77.78,9,2,0,1,9,1,9,5e-04,20.4
18,20,77.78,9,2,0,1,9,1,9,5e-04,20.4
18,60,77.78,9,2,0,1,9,1,9,6e-04,20.4
18,22,77.78,9,2,0,1,9,1,9,6e-04,20.0
18,10,77.78,9,2,0,1,9,1,9,7e-04,20.0
18,30,66.67,9,3,0,1,9,1,9,7e-04,20.0
18,25,66.67,9,3,0,1,9,1,9,8e-04,19.6
18,32,66.67,9,3,0,1,9,1,9,0.001,19.6
18,40,77.78,9,2,0,1,9,1,9,0.001,19.2
18,35,66.67,9,3,0,1,9,1,9,0.001,19.2
18,51,66.67,9,3,0,1,9,1,9,0.001,19.2
18,13,66.67,9,3,0,1,9,1,9,0.001,19.2
18,52,66.67,9,3,0,1,9,1,9,0.001,19.2
18,23,55.56,9,4,0,1,9,1,9,0.001,19.2
18,9,66.67,9,3,0,1,9,1,9,0.001,19.2
18,46,77.78,9,2,0,1,9,1,9,0.001,18.9
18,38,66.67,9,3,0,1,9,1,9,0.002,18.5
18,5,77.78,9,2,0,1,9,1,9,0.002,18.5
18,34,66.67,9,3,0,1,9,1,9,0.002,18.5
18,50,55.56,9,4,0,1,9,1,9,0.002,18.5
18,18,66.67,9,3,0,1,9,1,9,0.002,18.1
18,36,55.56,9,4,0,1,9,1,9,0.003,18.1
18,24,66.67,9,3,0,1,9,1,9,0.003,18.1
18,3,66.67,9,3,0,1,9,1,9,0.004,17.7
18,39,66.67,9,3,0,1,9,1,9,0.004,17.3
18,53,55.56,9,4,0,1,9,1,9,0.004,17.3
18,57,71.43,7,2,0,1,7,1,7,0.004,16.9
18,33,100.00,6,0,0,1,6,1,6,0.004,17.3
18,63,71.43,7,2,0,1,7,1,7,0.005,17.3
18,27,55.56,9,4,0,1,9,1,9,0.005,16.9
18,44,66.67,9,3,0,1,9,1,9,0.005,16.9
18,37,66.67,9,3,0,1,9,1,9,0.006,16.9
18,21,66.67,9,3,0,1,9,1,9,0.008,16.5
18,4,83.33,6,1,0,1,6,1,6,0.009,16.2
18,1,83.33,6,1,0,1,6,1,6,0.009,16.2
18,7,55.56,9,4,0,1,9,1,9,0.015,15.4
18,15,37.50,8,5,0,1,8,1,8,0.039,14.6
18,6,42.86,7,4,0,1,7,1,7,0.076,14.2
18,47,42.86,7,4,0,1,7,1,7,0.092,14.2
18,58,66.67,6,2,0,1,6,1,6,0.11,13.9
18,29,62.50,8,3,0,2,9,11,18,0.17,13.9
18,31,28.57,7,5,0,1,7,1,7,0.89,12.3
19,42,80.00,10,2,0,1,10,1,10,5e-05,23.1
19,43,80.00,10,2,0,1,10,1,10,6e-05,23.1
19,35,100.00,9,0,0,1,9,1,9,6e-05,23.5
19,9,88.89,9,1,0,1,9,1,9,1e-04,22.3
19,61,77.78,9,2,0,1,9,1,9,2e-04,21.6
19,3,88.89,9,1,0,1,9,1,9,3e-04,21.6
19,41,88.89,9,1,0,1,9,1,9,3e-04,21.2
19,23,77.78,9,2,0,1,9,1,9,3e-04,21.2
19,36,77.78,9,2,0,1,9,1,9,3e-04,21.2
19,38,77.78,9,2,0,1,9,1,9,4e-04,20.8
19,34,88.89,9,1,0,1,9,1,9,4e-04,20.8
19,13,77.78,9,2,0,1,9,1,9,5e-04,20.4
19,50,77.78,9,2,0,1,9,1,9,5e-04,20.4
19,12,77.78,9,2,0,1,9,1,9,6e-04,20.0
19,5,77.78,9,2,0,1,9,1,9,8e-04,20.0
19,44,77.78,9,2,0,1,9,1,9,8e-04,20.0
19,40,66.67,9,3,0,1,9,1,9,8e-04,19.6
19,60,66.67,9,3,0,1,9,1,9,9e-04,19.6
19,11,77.78,9,2,0,1,9,1,9,9e-04,19.6
19,19,66.67,9,3,0,1,9,1,9,9e-04,19.6
19,2,66.67,9,3,0,1,9,1,9,0.001,19.6
19,63,100.00,7,0,0,1,7,1,7,0.001,19.6
19,21,77.78,9,2,0,1,9,1,9,0.001,19.2
19,49,66.67,9,3,0,1,9,1,9,0.001,19.2
19,53,77.78,9,2,0,1,9,1,9,0.001,19.2
19,32,77.78,9,2,0,1,9,1,9,0.001,19.2
19,24,77.78,9,2,0,1,9,1,9,0.001,19.2
19,59,66.67,9,3,0,1,9,1,9,0.001,19.2
19,25,77.78,9,2,0,1,9,1,9,0.001,19.2
19,16,66.67,9,3,0,1,9,1,9,0.001,18.9
19,10,55.56,9,4,0,1,9,1,9,0.001,18.9
19,18,66.67,9,3,0,1,9,1,9,0.002,18.9
19,62,66.67,9,3,0,1,9,1,9,0.002,18.9
19,20,55.56,9,4,0,1,9,1,9,0.002,18.5
19,26,66.67,9,3,0,1,9,1,9,0.002,18.5
19,8,55.56,9,4,0,1,9,1,9,0.002,18.5
19,17,66.67,9,3,0,1,9,1,9,0.002,18.5
19,28,66.67,9,3,0,1,9,1,9,0.002,18.5
19,46,66.67,9,3,0,1,9,1,9,0.002,18.5
19,45,66.67,9,3,0,1,9,1,9,0.002,18.5
19,30,66.67,9,3,0,1,9,1,9,0.003,18.1
19,39,55.56,9,4,0,1,9,1,9,0.003,18.1
19,56,66.67,9,3,0,1,9,1,9,0.003,18.1
19,7,66.67,9,3,0,1,9,1,9,0.003,18.1
19,22,66.67,9,3,0,1,9,1,9,0.003,17.7
19,4,75.00,8,2,0,1,8,1,8,0.004,17.7
19,27,44.44,9,5,0,1,9,1,9,0.004,17.7
19,55,55.56,9,4,0,1,9,1,9,0.004,17.3
19,14,55.56,9,4,0,1,9,1,9,0.005,17.3
19,37,55.56,9,4,0,1,9,1,9,0.006,16.9
19,52,55.56,9,4,0,1,9,1,9,0.007,16.5
19,51,55.56,9,4,0,1,9,1,9,0.008,16.5
19,33,62.50,8,3,0,1,8,1,8,0.008,16.5
19,57,44.44,9,5,0,1,9,1,9,0.009,15.8
19,48,55.56,9,4,0,1,9,1,9,0.015,15.4
19,54,55.56,9,4,0,1,9,1,9,0.019,15.4
19,1,50.00,8,4,0,1,8,1,8,0.024,15.0
19,47,57.14,7,3,0,1,7,1,7,0.024,15.0
19,6,57.14,7,3,0,1,7,1,7,0.027,15.0
19,15,57.14,7,3,0,1,7,1,7,0.028,15.0
19,31,57.14,7,3,0,1,7,1,7,0.047,14.6
19,29,62.50,8,3,0,2,9,11,18,0.072,14.6
19,58,33.33,9,6,0,1,9,1,9,0.40,13.1
20,52,100.00,9,0,0,1,9,1,9,5e-05,23.5
20,51,88.89,9,1,0,1,9,1,9,7e-05,23.1
20,14,77.78,9,2,0,1,9,1,9,2e-04,21.6
20,28,88.89,9,1,0,1,9,1,9,2e-04,21.6
20,30,77.78,9,2,0,1,9,1,9,2e-04,21.6
20,26,77.78,9,2,0,1,9,1,9,4e-04,20.8
20,59,77.78,9,2,0,1,9,1,9,6e-04,20.0
20,17,77.78,9,2,0,1,9,1,9,6e-04,20.0
20,10,77.78,9,2,0,1,9,1,9,7e-04,20.0
20,60,77.78,9,2,0,1,9,1,9,7e-04,20.0
20,45,66.67,9,3,0,1,9,1,9,7e-04,20.0
20,18,77.78,9,2,0,1,9,1,9,8e-04,20.0
20,62,66.67,9,3,0,1,9,1,9,8e-04,19.6
20,8,66.67,9,3,0,1,9,1,9,0.001,19.6
20,49,66.67,9,3,0,1,9,1,9,0.001,19.2
20,19,66.67,9,3,0,1,9,1,9,0.002,18.9
20,2,66.67,9,3,0,1,9,1,9,0.002,18.9
20,13,66.67,9,3,0,1,9,1,9,0.002,18.9
20,22,66.67,9,3,0,1,9,1,9,0.002,18.9
20,55,55.56,9,4,0,1,9,1,9,0.002,18.5
20,42,66.67,9,3,0,1,9,1,9,0.002,18.5
20,11,55.56,9,4,0,1,9,1,9,0.002,18.5
20,25,55.56,9,4,0,1,9,1,9,0.002,18.5
20,53,66.67,9,3,0,1,9,1,9,0.002,18.5
20,32,66.67,9,3,0,1,9,1,9,0.002,18.5
20,40,66.67,9,3,0,1,9,1,9,0.002,18.1
20,43,66.67,9,3,0,1,9,1,9,0.003,18.1
20,61,66.67,9,3,0,1,9,1,9,0.003,18.1
20,12,55.56,9,4,0,1,9,1,9,0.003,18.1
20,48,44.44,9,5,0,1,9,1,9,0.003,17.7
20,41,55.56,9,4,0,1,9,1,9,0.003,17.7
20,16,66.67,9,3,0,1,9,1,9,0.003,17.7
20,54,44.44,9,5,0,1,9,1,9,0.003,17.7
20,46,66.67,9,3,0,1,9,1,9,0.004,17.7
20,7,66.67,9,3,0,1,9,1,9,0.004,17.7
20,20,66.67,9,3,0,1,9,1,9,0.004,17.3
20,23,55.56,9,4,0,1,9,1,9,0.005,16.9
20,38,55.56,9,4,0,1,9,1,9,0.006,16.9
20,5,66.67,9,3,0,1,9,1,9,0.006,16.9
20,35,55.56,9,4,0,1,9,1,9,0.006,16.5
20,9,55.56,9,4,0,1,9,1,9,0.006,16.5
20,24,55.56,9,4,0,1,9,1,9,0.008,16.5
20,34,55.56,9,4,0,1,9,1,9,0.009,16.2
20,50,55.56,9,4,0,1,9,1,9,0.010,16.2
20,6,57.14,7,3,0,1,7,1,7,0.013,15.4
20,57,57.14,7,3,0,1,7,1,7,0.014,15.4
20,36,55.56,9,4,0,1,9,1,9,0.015,15.4
20,15,57.14,7,3,0,1,7,1,7,0.017,15.4
20,47,57.14,7,3,0,1,7,1,7,0.019,15.4
20,63,57.14,7,3,0,1,7,1,7,0.035,15.0
20,33,66.67,6,2,0,1,6,1,6,0.094,14.2
20,4,66.67,6,2,0,1,6,1,6,0.10,14.2
20,56,33.33,9,6,0,1,9,1,9,0.25,13.5
20,58,66.67,6,2,0,1,6,1,6,0.34,13.1
21,33,100.00,9,0,0,1,9,1,9,1e-04,22.3
21,1,88.89,9,1,0,1,9,1,9,3e-04,21.2
21,4,88.89,9,1,0,1,9,1,9,4e-04,20.8
21,42,87.50,8,1,0,1,8,1,8,0.001,18.9
21,43,87.50,8,1,0,1,8,1,8,0.001,18.9
21,61,87.50,8,1,0,1,8,1,8,0.002,18.9
21,60,75.00,8,2,0,1,8,1,8,0.004,17.7
21,2,100.00,6,0,0,1,6,1,6,0.004,17.3
21,19,100.00,6,0,0,1,6,1,6,0.004,17.3
21,16,100.00,6,0,0,1,6,1,6,0.004,17.3
21,49,100.00,6,0,0,1,6,1,6,0.004,17.3
21,59,100.00,6,0,0,1,6,1,6,0.004,17.3
21,62,100.00,6,0,0,1,6,1,6,0.005,17.3
21,20,83.33,6,1,0,1,6,1,6,0.006,16.9
21,10,62.50,8,3,0,1,8,1,8,0.007,16.5
21,13,62.50,8,3,0,1,8,1,8,0.007,16.5
21,8,83.33,6,1,0,1,6,1,6,0.007,16.5
21,12,83.33,6,1,0,1,6,1,6,0.008,16.5
21,11,83.33,6,1,0,1,6,1,6,0.008,16.2
21,35,62.50,8,3,0,1,8,1,8,0.008,16.2
21,14,83.33,6,1,0,1,6,1,6,0.010,15.8
21,58,50.00,8,4,0,1,8,1,8,0.011,15.8
21,5,75.00,8,2,0,1,8,1,8,0.011,15.8
21,55,83.33,6,1,0,1,6,1,6,0.012,15.8
21,18,62.50,8,3,0,1,8,1,8,0.012,15.8
21,45,83.33,6,1,0,1,6,1,6,0.013,15.8
21,40,62.50,8,3,0,1,8,1,8,0.015,15.4
21,26,83.33,6,1,0,1,6,1,6,0.015,15.4
21,46,83.33,6,1,0,1,6,1,6,0.016,15.4
21,28,83.33,6,1,0,1,6,1,6,0.016,15.4
21,17,83.33,6,1,0,1,6,1,6,0.016,15.4
21,56,50.00,8,4,0,1,8,1,8,0.021,15.4
21,9,50.00,8,4,0,1,8,1,8,0.022,15.4
21,38,50.00,8,4,0,1,8,1,8,0.022,15.0
21,41,66.67,6,2,0,1,6,1,6,0.032,15.0
21,34,66.67,6,2,0,1,6,1,6,0.033,15.0
21,63,66.67,6,2,0,1,6,1,6,0.036,15.0
21,22,83.33,6,1,0,1,6,1,6,0.044,14.6
21,3,62.50,8,3,0,1,8,1,8,0.053,14.6
21,24,66.67,6,2,0,1,6,1,6,0.056,14.6
21,32,66.67,6,2,0,1,6,1,6,0.058,14.6
21,30,66.67,6,2,0,1,6,1,6,0.059,14.6
21,25,66.67,6,2,0,1,6,1,6,0.062,14.2
21,23,50.00,6,3,0,1,6,1,6,0.063,14.2
21,50,50.00,6,3,0,1,6,1,6,0.065,14.2
21,44,62.50,8,3,0,1,8,1,8,0.078,14.2
21,36,50.00,6,3,0,1,6,1,6,0.079,14.2
21,52,66.67,6,2,0,1,6,1,6,0.094,14.2
21,51,66.67,6,2,0,1,6,1,6,0.10,14.2
21,53,50.00,6,3,0,1,6,1,6,0.20,13.5
21,37,66.67,6,2,0,1,6,1,6,0.20,13.5
21,39,66.67,6,2,0,1,6,1,6,0.20,13.5
21,29,80.00,5,1,0,2,6,11,15,0.21,13.5
21,21,62.50,8,3,0,1,8,1,8,0.23,13.5
21,27,50.00,6,3,0,1,6,1,6,0.42,13.1
21,31,33.33,6,4,0,1,6,1,6,1.5,12.3
22,59,100.00,9,0,0,1,9,1,9,6e-05,23.1
22,62,88.89,9,1,0,1,9,1,9,8e-05,22.7
22,49,88.89,9,1,0,1,9,1,9,1e-04,22.3
22,19,88.89,9,1,0,1,9,1,9,1e-04,21.9
22,2,88.89,9,1,0,1,9,1,9,1e-04,21.9
22,11,77.78,9,2,0,1,9,1,9,2e-04,21.9
22,42,88.89,9,1,0,1,9,1,9,2e-04,21.6
22,8,77.78,9,2,0,1,9,1,9,2e-04,21.6
22,14,77.78,9,2,0,1,9,1,9,2e-04,21.6
22,12,77.78,9,2,0,1,9,1,9,2e-04,21.6
22,28,88.89,9,1,0,1,9,1,9,2e-04,21.6
22,17,88.89,9,1,0,1,9,1,9,2e-04,21.6
22,43,88.89,9,1,0,1,9,1,9,2e-04,21.2
22,55,77.78,9,2,0,1,9,1,9,2e-04,21.2
22,61,88.89,9,1,0,1,9,1,9,3e-04,21.2
22,45,77.78,9,2,0,1,9,1,9,3e-04,21.2
22,16,88.89,9,1,0,1,9,1,9,3e-04,21.2
22,26,77.78,9,2,0,1,9,1,9,5e-04,20.4
22,20,77.78,9,2,0,1,9,1,9,5e-04,20.4
22,32,77.78,9,2,0,1,9,1,9,5e-04,20.4
22,30,66.67,9,3,0,1,9,1,9,5e-04,20.4
22,41,66.67,9,3,0,1,9,1,9,6e-04,20.4
22,22,77.78,9,2,0,1,9,1,9,6e-04,20.4
22,10,77.78,9,2,0,1,9,1,9,6e-04,20.0
22,52,77.78,9,2,0,1,9,1,9,6e-04,20.0
22,60,77.78,9,2,0,1,9,1,9,6e-04,20.0
22,25,66.67,9,3,0,1,9,1,9,6e-04,20.0
22,51,66.67,9,3,0,1,9,1,9,9e-04,19.6
22,23,55.56,9,4,0,1,9,1,9,0.001,19.2
22,40,77.78,9,2,0,1,9,1,9,0.001,19.2
22,35,66.67,9,3,0,1,9,1,9,0.001,19.2
22,9,66.67,9,3,0,1,9,1,9,0.001,19.2
22,13,66.67,9,3,0,1,9,1,9,0.001,19.2
22,46,77.78,9,2,0,1,9,1,9,0.001,19.2
22,38,66.67,9,3,0,1,9,1,9,0.002,18.5
22,34,66.67,9,3,0,1,9,1,9,0.002,18.5
22,5,77.78,9,2,0,1,9,1,9,0.002,18.5
22,50,55.56,9,4,0,1,9,1,9,0.002,18.5
22,36,55.56,9,4,0,1,9,1,9,0.003,18.1
22,24,66.67,9,3,0,1,9,1,9,0.003,18.1
22,18,66.67,9,3,0,1,9,1,9,0.003,18.1
22,39,66.67,9,3,0,1,9,1,9,0.003,17.7
22,53,55.56,9,4,0,1,9,1,9,0.004,17.7
22,3,66.67,9,3,0,1,9,1,9,0.004,17.3
22,33,100.00,6,0,0,1,6,1,6,0.004,17.3
22,57,71.43,7,2,0,1,7,1,7,0.004,16.9
22,37,66.67,9,3,0,1,9,1,9,0.005,17.3
22,63,71.43,7,2,0,1,7,1,7,0.005,17.3
22,27,55.56,9,4,0,1,9,1,9,0.005,17.3
22,44,66.67,9,3,0,1,9,1,9,0.006,16.9
22,21,66.67,9,3,0,1,9,1,9,0.009,16.2
22,4,83.33,6,1,0,1,6,1,6,0.009,16.2
22,1,83.33,6,1,0,1,6,1,6,0.009,16.2
22,15,37.50,8,5,0,1,8,1,8,0.053,14.6
22,6,42.86,7,4,0,1,7,1,7,0.065,14.2
22,47,42.86,7,4,0,1,7,1,7,0.079,14.2
22,58,66.67,6,2,0,1,6,1,6,0.10,14.2
22,29,62.50,8,3,0,2,9,11,18,0.13,13.9
22,31,28.57,7,5,0,1,7,1,7,0.86,12.7
23,10,100.00,9,0,0,1,9,1,9,4e-05,23.9
23,42,80.00,10,2,0,1,10,1,10,4e-05,23.5
23,43,80.00,10,2,0,1,10,1,10,5e-05,23.5
23,60,88.89,9,1,0,1,9,1,9,6e-05,23.1
23,13,77.78,9,2,0,1,9,1,9,2e-04,21.9
23,14,88.89,9,1,0,1,9,1,9,2e-04,21.6
23,61,77.78,9,2,0,1,9,1,9,2e-04,21.6
23,18,77.78,9,2,0,1,9,1,9,2e-04,21.6
23,19,77.78,9,2,0,1,9,1,9,5e-04,20.4
23,2,77.78,9,2,0,1,9,1,9,5e-04,20.4
23,30,77.78,9,2,0,1,9,1,9,5e-04,20.4
23,8,77.78,9,2,0,1,9,1,9,6e-04,20.4
23,16,77.78,9,2,0,1,9,1,9,6e-04,20.0
23,59,77.78,9,2,0,1,9,1,9,6e-04,20.0
23,49,77.78,9,2,0,1,9,1,9,7e-04,20.0
23,62,77.78,9,2,0,1,9,1,9,7e-04,20.0
23,52,77.78,9,2,0,1,9,1,9,7e-04,20.0
23,20,77.78,9,2,0,1,9,1,9,8e-04,20.0
23,51,77.78,9,2,0,1,9,1,9,8e-04,20.0
23,9,66.67,9,3,0,1,9,1,9,0.001,19.6
23,53,66.67,9,3,0,1,9,1,9,0.001,19.2
23,38,66.67,9,3,0,1,9,1,9,0.001,19.2
23,7,66.67,9,3,0,1,9,1,9,0.001,19.2
23,40,66.67,9,3,0,1,9,1,9,0.001,19.2
23,5,66.67,9,3,0,1,9,1,9,0.001,19.2
23,35,55.56,9,4,0,1,9,1,9,0.001,18.9
23,12,66.67,9,3,0,1,9,1,9,0.002,18.9
23,11,66.67,9,3,0,1,9,1,9,0.002,18.9
23,55,66.67,9,3,0,1,9,1,9,0.002,18.5
23,46,66.67,9,3,0,1,9,1,9,0.002,18.5
23,17,66.67,9,3,0,1,9,1,9,0.002,18.5
23,45,66.67,9,3,0,1,9,1,9,0.002,18.5
23,28,66.67,9,3,0,1,9,1,9,0.002,18.1
23,3,55.56,9,4,0,1,9,1,9,0.003,18.1
23,26,66.67,9,3,0,1,9,1,9,0.003,18.1
23,22,66.67,9,3,0,1,9,1,9,0.003,17.7
23,39,55.56,9,4,0,1,9,1,9,0.003,17.7
23,23,55.56,9,4,0,1,9,1,9,0.003,17.7
23,44,55.56,9,4,0,1,9,1,9,0.004,17.7
23,36,55.56,9,4,0,1,9,1,9,0.004,17.7
23,27,55.56,9,4,0,1,9,1,9,0.004,17.7
23,41,55.56,9,4,0,1,9,1,9,0.004,17.3
23,50,55.56,9,4,0,1,9,1,9,0.005,17.3
23,34,55.56,9,4,0,1,9,1,9,0.005,17.3
23,21,55.56,9,4,0,1,9,1,9,0.005,17.3
23,24,55.56,9,4,0,1,9,1,9,0.005,17.3
23,32,55.56,9,4,0,1,9,1,9,0.006,16.9
23,25,55.56,9,4,0,1,9,1,9,0.006,16.9
23,33,62.50,8,3,0,1,8,1,8,0.007,16.9
23,37,55.56,9,4,0,1,9,1,9,0.007,16.5
23,57,44.44,9,5,0,1,9,1,9,0.010,15.8
23,48,44.44,9,5,0,1,9,1,9,0.012,15.8
23,54,44.44,9,5,0,1,9,1,9,0.012,15.8
23,63,57.14,7,3,0,1,7,1,7,0.013,15.8
23,1,50.00,8,4,0,1,8,1,8,0.017,15.4
23,4,50.00,8,4,0,1,8,1,8,0.017,15.4
23,58,55.56,9,4,0,1,9,1,9,0.038,15.0
23,31,42.86,7,4,0,1,7,1,7,0.10,14.2
23,6,42.86,7,4,0,1,7,1,7,0.17,13.9
23,15,42.86,7,4,0,1,7,1,7,0.23,13.5
23,47,42.86,7,4,0,1,7,1,7,0.26,13.5
24,63,100.00,8,0,0,1,8,1,8,3e-04,21.2
24,50,87.50,8,1,0,1,8,1,8,3e-04,20.8
24,53,87.50,8,1,0,1,8,1,8,7e-04,20.0
24,34,100.00,7,0,0,1,7,1,7,0.001,19.6
24,9,100.00,7,0,0,1,7,1,7,0.001,19.6
24,41,100.00,7,0,0,1,7,1,7,0.001,19.2
24,24,87.50,8,1,0,1,8,1,8,0.001,19.2
24,16,75.00,8,2,0,1,8,1,8,0.001,19.2
24,35,100.00,7,0,0,1,7,1,7,0.001,19.2
24,23,85.71,7,1,0,1,7,1,7,0.001,19.2
24,20,62.50,8,3,0,1,8,1,8,0.001,18.9
24,36,85.71,7,1,0,1,7,1,7,0.001,18.9
24,46,75.00,8,2,0,1,8,1,8,0.002,18.5
24,12,85.71,7,1,0,1,7,1,7,0.002,18.1
24,11,85.71,7,1,0,1,7,1,7,0.003,18.1
24,38,85.71,7,1,0,1,7,1,7,0.004,17.3
24,42,71.43,7,2,0,1,7,1,7,0.004,17.3
24,2,71.43,7,2,0,1,7,1,7,0.004,17.3
24,19,71.43,7,2,0,1,7,1,7,0.004,17.3
24,43,71.43,7,2,0,1,7,1,7,0.004,17.3
24,59,71.43,7,2,0,1,7,1,7,0.004,17.3
24,49,71.43,7,2,0,1,7,1,7,0.004,17.3
24,3,85.71,7,1,0,1,7,1,7,0.004,17.3
24,25,85.71,7,1,0,1,7,1,7,0.004,17.3
24,32,85.71,7,1,0,1,7,1,7,0.004,17.3
24,62,71.43,7,2,0,1,7,1,7,0.004,17.3
24,61,71.43,7,2,0,1,7,1,7,0.005,17.3
24,30,71.43,7,2,0,1,7,1,7,0.006,16.9
24,40,71.43,7,2,0,1,7,1,7,0.006,16.5
24,45,71.43,7,2,0,1,7,1,7,0.006,16.5
24,17,71.43,7,2,0,1,7,1,7,0.007,16.5
24,28,71.43,7,2,0,1,7,1,7,0.007,16.5
24,8,57.14,7,3,0,1,7,1,7,0.007,16.5
24,26,71.43,7,2,0,1,7,1,7,0.007,16.5
24,13,71.43,7,2,0,1,7,1,7,0.008,16.5
24,4,83.33,6,1,0,1,6,1,6,0.008,16.2
24,22,71.43,7,2,0,1,7,1,7,0.010,16.2
24,55,57.14,7,3,0,1,7,1,7,0.011,15.8
24,10,57.14,7,3,0,1,7,1,7,0.011,15.8
24,14,57.14,7,3,0,1,7,1,7,0.013,15.4
24,5,71.43,7,2,0,1,7,1,7,0.014,15.4
24,60,57.14,7,3,0,1,7,1,7,0.014,15.4
24,44,71.43,7,2,0,1,7,1,7,0.014,15.4
24,57,57.14,7,3,0,1,7,1,7,0.017,15.4
24,39,57.14,7,3,0,1,7,1,7,0.018,15.4
24,37,57.14,7,3,0,1,7,1,7,0.019,15.4
24,21,71.43,7,2,0,1,7,1,7,0.028,15.0
24,52,57.14,7,3,0,1,7,1,7,0.031,15.0
24,27,42.86,7,4,0,1,7,1,7,0.032,15.0
24,33,66.67,6,2,0,1,6,1,6,0.032,15.0
24,51,57.14,7,3,0,1,7,1,7,0.033,15.0
24,31,57.14,7,3,0,1,7,1,7,0.037,14.6
24,47,57.14,7,3,0,1,7,1,7,0.040,14.6
24,18,57.14,7,3,0,1,7,1,7,0.041,14.6
24,6,57.14,7,3,0,1,7,1,7,0.043,14.6
24,15,57.14,7,3,0,1,7,1,7,0.045,14.6
24,48,57.14,7,3,0,1,7,1,7,0.13,13.9
24,54,57.14,7,3,0,1,7,1,7,0.17,13.9
24,1,50.00,6,3,0,1,6,1,6,0.19,13.5
24,29,80.00,5,1,0,2,6,11,15,0.27,13.5
24,58,50.00,6,3,0,1,6,1,6,1.1,12.3
